timeStamp,city,temperature,description
2026-03-17T14:18:11.082Z,Santiago de Compostela,22.24,clear sky
2026-03-17T15:01:24.767Z,Santiago de Compostela,22.55,clear sky
2026-03-17T17:07:08.587Z,Santiago de Compostela,21.93,clear sky
2026-03-17T19:07:40.343Z,Santiago de Compostela,18.73,clear sky
2026-03-17T20:43:48.001Z,Santiago de Compostela,13.73,clear sky
2026-03-17T22:38:07.910Z,Santiago de Compostela,10.68,clear sky
2026-03-18T02:37:01.649Z,Santiago de Compostela,9.49,few clouds
2026-03-18T05:27:50.612Z,Santiago de Compostela,7.97,few clouds
2026-03-18T07:07:24.893Z,Santiago de Compostela,3.89,overcast clouds
2026-03-18T08:56:07.997Z,Santiago de Compostela,10.24,few clouds
2026-03-18T10:56:13.408Z,Santiago de Compostela,13.43,clear sky
2026-03-18T13:22:28.659Z,Santiago de Compostela,16.31,clear sky
2026-03-18T15:08:00.722Z,Santiago de Compostela,14.64,overcast clouds
2026-03-18T17:06:28.389Z,Santiago de Compostela,16.49,clear sky
2026-03-18T19:07:01.832Z,Santiago de Compostela,15.73,clear sky
2026-03-18T20:42:31.364Z,Santiago de Compostela,2.7,few clouds
2026-03-18T22:36:25.537Z,Santiago de Compostela,9.06,scattered clouds
2026-03-19T02:38:09.256Z,Santiago de Compostela,9.73,clear sky
2026-03-19T05:24:00.656Z,Santiago de Compostela,8.23,broken clouds
2026-03-19T07:03:49.393Z,Santiago de Compostela,7.73,few clouds
2026-03-19T08:50:41.921Z,Santiago de Compostela,13.73,clear sky
2026-03-19T10:46:51.484Z,Santiago de Compostela,19.51,overcast clouds
2026-03-19T13:15:01.373Z,Santiago de Compostela,22.36,clear sky
2026-03-19T14:53:04.909Z,Santiago de Compostela,22.86,scattered clouds
2026-03-19T17:01:58.392Z,Santiago de Compostela,20.67,few clouds
2026-03-19T19:04:51.606Z,Santiago de Compostela,17.73,clear sky
2026-03-19T20:43:02.940Z,Santiago de Compostela,12.97,clear sky
2026-03-19T22:33:38.275Z,Santiago de Compostela,12.49,clear sky
2026-03-20T02:29:53.395Z,Santiago de Compostela,7.59,overcast clouds
2026-03-20T05:17:31.028Z,Santiago de Compostela,7.88,overcast clouds
2026-03-20T07:02:11.548Z,Santiago de Compostela,8.56,overcast clouds
2026-03-20T08:49:20.601Z,Santiago de Compostela,13.73,clear sky
2026-03-20T10:42:40.797Z,Santiago de Compostela,15.73,clear sky
2026-03-20T13:08:48.164Z,Santiago de Compostela,18.98,broken clouds
2026-03-20T14:47:49.366Z,Santiago de Compostela,16.76,overcast clouds
2026-03-20T16:51:15.845Z,Santiago de Compostela,8.01,overcast clouds
2026-03-20T18:56:15.243Z,Santiago de Compostela,11.58,broken clouds
2026-03-20T20:37:51.211Z,Santiago de Compostela,6.46,overcast clouds
2026-03-20T22:33:35.506Z,Santiago de Compostela,10.87,clear sky
2026-03-21T02:24:22.966Z,Santiago de Compostela,9.17,overcast clouds
2026-03-21T05:08:13.604Z,Santiago de Compostela,2.63,overcast clouds
2026-03-21T06:51:55.867Z,Santiago de Compostela,8.97,overcast clouds
2026-03-21T08:39:18.516Z,Santiago de Compostela,12.18,overcast clouds
2026-03-21T10:32:13.167Z,Santiago de Compostela,15.61,overcast clouds
2026-03-21T12:58:24.783Z,Santiago de Compostela,19.99,few clouds
2026-03-21T14:31:42.180Z,Santiago de Compostela,21.44,broken clouds
2026-03-21T16:35:37.715Z,Santiago de Compostela,20.11,scattered clouds
2026-03-21T18:41:46.032Z,Santiago de Compostela,11.79,few clouds
2026-03-21T20:32:12.421Z,Santiago de Compostela,13.74,clear sky
2026-03-21T22:29:55.545Z,Santiago de Compostela,9.09,clear sky
2026-03-22T02:38:48.016Z,Santiago de Compostela,4.09,clear sky
2026-03-22T05:20:25.176Z,Santiago de Compostela,5.73,clear sky
2026-03-22T06:57:21.457Z,Santiago de Compostela,3.59,few clouds
2026-03-22T08:40:02.170Z,Santiago de Compostela,8.73,clear sky
2026-03-22T10:32:29.606Z,Santiago de Compostela,13.18,clear sky
2026-03-22T13:00:45.562Z,Santiago de Compostela,17.38,clear sky
2026-03-22T14:32:32.449Z,Santiago de Compostela,18.72,clear sky
2026-03-22T16:36:19.334Z,Santiago de Compostela,17.86,clear sky
2026-03-22T18:42:50.392Z,Santiago de Compostela,12.97,clear sky
2026-03-22T20:33:38.762Z,Santiago de Compostela,11.1,broken clouds
2026-03-22T22:30:35.393Z,Santiago de Compostela,9.83,broken clouds
2026-03-23T02:39:07.367Z,Santiago de Compostela,8.73,clear sky
2026-03-23T05:41:34.537Z,Santiago de Compostela,4.29,broken clouds
2026-03-23T07:17:16.763Z,Santiago de Compostela,7.24,clear sky
2026-03-23T09:02:41.094Z,Santiago de Compostela,9.99,clear sky
2026-03-23T10:41:36.120Z,Santiago de Compostela,12.86,few clouds
2026-03-23T10:56:16.143Z,Santiago de Compostela,13.61,few clouds
2026-03-23T13:17:20.975Z,Santiago de Compostela,18.15,clear sky
2026-03-23T15:00:10.104Z,Santiago de Compostela,19.71,clear sky
2026-03-23T16:58:46.974Z,Santiago de Compostela,19.51,clear sky
2026-03-23T19:01:21.779Z,Santiago de Compostela,14.73,clear sky
2026-03-23T20:41:28.607Z,Santiago de Compostela,12.73,clear sky
2026-03-23T22:37:13.881Z,Santiago de Compostela,8.61,scattered clouds
2026-03-24T02:31:05.295Z,Santiago de Compostela,4.93,clear sky
2026-03-24T05:24:37.315Z,Santiago de Compostela,8.73,clear sky
2026-03-24T07:10:17.732Z,Santiago de Compostela,7.73,clear sky
2026-03-24T08:57:59.804Z,Santiago de Compostela,12.73,clear sky
2026-03-24T10:55:24.066Z,Santiago de Compostela,18.66,clear sky
2026-03-24T13:21:32.877Z,Santiago de Compostela,21.71,overcast clouds
2026-03-24T15:03:14.948Z,Santiago de Compostela,21.63,broken clouds
2026-03-24T17:04:16.242Z,Santiago de Compostela,20.67,clear sky
2026-03-24T19:09:44.280Z,Santiago de Compostela,4.6,broken clouds
2026-03-24T20:48:23.017Z,Santiago de Compostela,12.73,clear sky
2026-03-24T22:36:32.235Z,Santiago de Compostela,10.73,clear sky
2026-03-25T02:35:55.410Z,Santiago de Compostela,5.2,overcast clouds
2026-03-25T05:24:41.420Z,Santiago de Compostela,8.11,broken clouds
2026-03-25T07:08:11.606Z,Santiago de Compostela,7.36,scattered clouds
2026-03-25T08:57:14.093Z,Santiago de Compostela,8.32,broken clouds
2026-03-25T10:53:17.653Z,Santiago de Compostela,9.99,broken clouds
2026-03-25T13:20:31.698Z,Santiago de Compostela,11.8,broken clouds
2026-03-25T15:04:14.832Z,Santiago de Compostela,13.26,broken clouds
2026-03-25T17:08:26.076Z,Santiago de Compostela,11.55,broken clouds
2026-03-25T19:01:35.275Z,Santiago de Compostela,4.88,overcast clouds
2026-03-25T20:43:44.697Z,Santiago de Compostela,5.42,overcast clouds
2026-03-25T22:41:18.760Z,Santiago de Compostela,7.87,scattered clouds
2026-03-26T02:43:06.078Z,Santiago de Compostela,7.86,broken clouds
2026-03-26T05:42:48.477Z,Santiago de Compostela,6.8,broken clouds
2026-03-26T07:15:31.050Z,Santiago de Compostela,5.67,broken clouds
2026-03-26T09:02:34.309Z,Santiago de Compostela,10,overcast clouds
2026-03-26T10:56:43.097Z,Santiago de Compostela,11.05,scattered clouds
2026-03-26T13:26:50.051Z,Santiago de Compostela,10.3,broken clouds
2026-03-26T15:09:17.116Z,Santiago de Compostela,14.24,clear sky
2026-03-26T17:08:04.173Z,Santiago de Compostela,13.22,broken clouds
2026-03-26T19:14:03.044Z,Santiago de Compostela,11.05,clear sky
2026-03-26T20:40:02.193Z,Santiago de Compostela,8.28,broken clouds
2026-03-26T22:35:33.535Z,Santiago de Compostela,7.86,clear sky
2026-03-27T02:45:32.056Z,Santiago de Compostela,6.15,scattered clouds
2026-03-27T05:43:50.640Z,Santiago de Compostela,6.8,clear sky
2026-03-27T07:14:44.385Z,Santiago de Compostela,3.53,few clouds
2026-03-27T08:58:57.120Z,Santiago de Compostela,9.68,clear sky
2026-03-27T10:53:37.713Z,Santiago de Compostela,12.97,clear sky
2026-03-27T13:15:51.313Z,Santiago de Compostela,16.8,clear sky
2026-03-27T14:55:19.856Z,Santiago de Compostela,18.15,clear sky
2026-03-27T17:02:51.107Z,Santiago de Compostela,13.5,few clouds
2026-03-27T19:01:12.034Z,Santiago de Compostela,10.5,few clouds
2026-03-27T20:43:29.428Z,Santiago de Compostela,9.68,clear sky
2026-03-27T22:37:48.220Z,Santiago de Compostela,8.3,clear sky
2026-03-28T02:34:30.448Z,Santiago de Compostela,8.61,broken clouds
2026-03-28T05:22:52.782Z,Santiago de Compostela,8.56,broken clouds
2026-03-28T07:04:11.037Z,Santiago de Compostela,8.22,broken clouds
2026-03-28T08:47:03.446Z,Santiago de Compostela,10.24,broken clouds
2026-03-28T10:37:25.299Z,Santiago de Compostela,12.55,broken clouds
2026-03-28T13:03:54.990Z,Santiago de Compostela,15.43,scattered clouds
2026-03-28T14:36:05.884Z,Santiago de Compostela,14.24,broken clouds
2026-03-28T16:39:40.217Z,Santiago de Compostela,12.55,scattered clouds
2026-03-28T18:48:35.195Z,Santiago de Compostela,10.74,broken clouds
2026-03-28T20:36:28.902Z,Santiago de Compostela,9.68,broken clouds
2026-03-28T22:34:01.611Z,Santiago de Compostela,8.61,scattered clouds
2026-03-29T02:49:29.127Z,Santiago de Compostela,2.25,scattered clouds
2026-03-29T05:45:00.018Z,Santiago de Compostela,5.73,scattered clouds
2026-03-29T07:10:08.689Z,Santiago de Compostela,0.1,broken clouds
2026-03-29T08:47:09.437Z,Santiago de Compostela,8.29,broken clouds
2026-03-29T10:39:00.542Z,Santiago de Compostela,10.74,scattered clouds
2026-03-29T13:04:52.026Z,Santiago de Compostela,12.86,few clouds
2026-03-29T14:37:08.293Z,Santiago de Compostela,14.37,few clouds
2026-03-29T16:40:30.611Z,Santiago de Compostela,7.34,broken clouds
2026-03-29T18:50:43.738Z,Santiago de Compostela,11.49,clear sky
2026-03-29T20:38:25.359Z,Santiago de Compostela,6.04,overcast clouds
2026-03-29T22:36:01.675Z,Santiago de Compostela,7.56,clear sky
2026-03-30T02:52:00.513Z,Santiago de Compostela,5.7,clear sky
2026-03-30T06:00:47.586Z,Santiago de Compostela,6.61,broken clouds
2026-03-30T09:17:57.698Z,Santiago de Compostela,9.37,scattered clouds
2026-03-30T11:06:41.390Z,Santiago de Compostela,10.28,overcast clouds
2026-03-30T13:43:04.550Z,Santiago de Compostela,17.54,few clouds
2026-03-30T15:07:35.923Z,Santiago de Compostela,13.91,scattered clouds
2026-03-30T17:00:40.458Z,Santiago de Compostela,15.74,few clouds
2026-03-30T19:05:05.821Z,Santiago de Compostela,11.27,clear sky
2026-03-30T20:51:32.231Z,Santiago de Compostela,11.5,scattered clouds
2026-03-30T22:41:18.632Z,Santiago de Compostela,12.64,broken clouds
2026-03-31T02:45:06.709Z,Santiago de Compostela,9.77,broken clouds
2026-03-31T05:45:39.883Z,Santiago de Compostela,9.05,scattered clouds
2026-03-31T07:22:05.381Z,Santiago de Compostela,7.42,few clouds
2026-03-31T09:05:43.378Z,Santiago de Compostela,12.46,clear sky
2026-03-31T10:58:01.085Z,Santiago de Compostela,14.99,few clouds
2026-03-31T13:42:12.228Z,Santiago de Compostela,19.88,clear sky
2026-03-31T15:06:30.365Z,Santiago de Compostela,19.71,clear sky
2026-03-31T17:03:06.600Z,Santiago de Compostela,19.91,clear sky
2026-03-31T19:07:45.095Z,Santiago de Compostela,15.87,clear sky
2026-03-31T20:49:21.623Z,Santiago de Compostela,13.62,clear sky
2026-03-31T22:38:31.889Z,Santiago de Compostela,11.05,clear sky
2026-04-01T02:56:44.809Z,Santiago de Compostela,7.7,clear sky
2026-04-01T05:57:07.877Z,Santiago de Compostela,6.31,clear sky
2026-04-01T07:46:37.065Z,Santiago de Compostela,8.6,clear sky
2026-04-01T09:12:06.750Z,Santiago de Compostela,11.05,clear sky
2026-04-01T11:01:59.233Z,Santiago de Compostela,15.74,clear sky
2026-04-01T13:44:08.180Z,Santiago de Compostela,20.19,clear sky
2026-04-01T15:09:06.925Z,Santiago de Compostela,20.25,few clouds
2026-04-01T17:00:31.537Z,Santiago de Compostela,18.74,clear sky
2026-04-01T19:08:26.278Z,Santiago de Compostela,12.42,clear sky
2026-04-01T20:51:09.960Z,Santiago de Compostela,10.75,clear sky
2026-04-01T22:41:59.609Z,Santiago de Compostela,9.8,clear sky
2026-04-02T02:41:07.423Z,Santiago de Compostela,8.73,clear sky
2026-04-02T05:43:16.936Z,Santiago de Compostela,6.61,few clouds
2026-04-02T07:19:26.344Z,Santiago de Compostela,6.3,few clouds
2026-04-02T09:03:27.224Z,Santiago de Compostela,11.05,broken clouds
2026-04-02T10:55:20.290Z,Santiago de Compostela,12.12,broken clouds
2026-04-02T13:23:27.698Z,Santiago de Compostela,14.99,broken clouds
2026-04-02T15:00:10.467Z,Santiago de Compostela,15.43,scattered clouds
2026-04-02T16:59:35.149Z,Santiago de Compostela,15.43,few clouds
2026-04-02T19:02:40.992Z,Santiago de Compostela,12.24,clear sky
2026-04-02T20:39:24.832Z,Santiago de Compostela,10.11,clear sky
2026-04-02T22:36:20.650Z,Santiago de Compostela,9.37,clear sky
2026-04-03T02:43:04.624Z,Santiago de Compostela,4.93,clear sky
2026-04-03T05:43:49.965Z,Santiago de Compostela,4.73,clear sky
2026-04-03T07:16:04.726Z,Santiago de Compostela,7.73,fog
2026-04-03T09:00:15.557Z,Santiago de Compostela,8.73,fog
2026-04-03T10:48:06.435Z,Santiago de Compostela,19.22,scattered clouds
2026-04-03T13:12:36.858Z,Santiago de Compostela,20.19,clear sky
2026-04-03T14:49:05.495Z,Santiago de Compostela,21.68,clear sky
2026-04-03T16:48:03.973Z,Santiago de Compostela,22.86,clear sky
2026-04-03T18:54:04.486Z,Santiago de Compostela,18.73,clear sky
2026-04-03T20:41:20.426Z,Santiago de Compostela,14.69,clear sky
2026-04-03T22:38:07.005Z,Santiago de Compostela,11.68,clear sky
2026-04-04T02:33:48.773Z,Santiago de Compostela,12.73,clear sky
2026-04-04T05:22:53.035Z,Santiago de Compostela,10.73,clear sky
2026-04-04T07:06:23.558Z,Santiago de Compostela,11.73,clear sky
2026-04-04T08:49:01.635Z,Santiago de Compostela,15.73,clear sky
2026-04-04T10:38:40.248Z,Santiago de Compostela,19.73,clear sky
2026-04-04T13:04:29.575Z,Santiago de Compostela,21.93,clear sky
2026-04-04T14:37:14.989Z,Santiago de Compostela,21.61,clear sky
2026-04-04T16:40:53.502Z,Santiago de Compostela,20.55,few clouds
2026-04-04T18:51:13.392Z,Santiago de Compostela,18.73,few clouds
2026-04-04T20:37:32.440Z,Santiago de Compostela,15.73,clear sky
2026-04-04T22:35:11.545Z,Santiago de Compostela,9.67,clear sky
2026-04-05T02:51:23.352Z,Santiago de Compostela,4.09,clear sky
2026-04-05T05:46:16.465Z,Santiago de Compostela,5.87,fog
2026-04-05T07:13:31.847Z,Santiago de Compostela,5.58,fog
2026-04-05T08:50:53.929Z,Santiago de Compostela,8.73,fog
2026-04-05T10:39:20.835Z,Santiago de Compostela,14.73,clear sky
2026-04-05T13:06:47.410Z,Santiago de Compostela,19.64,clear sky
2026-04-05T14:38:44.627Z,Santiago de Compostela,22.67,clear sky
2026-04-05T16:41:03.529Z,Santiago de Compostela,22.99,clear sky
2026-04-05T18:51:53.032Z,Santiago de Compostela,21.73,clear sky
2026-04-05T20:38:37.239Z,Santiago de Compostela,11.86,broken clouds
2026-04-05T22:36:30.151Z,Santiago de Compostela,7.42,broken clouds
2026-04-06T02:52:58.565Z,Santiago de Compostela,13.73,clear sky
2026-04-06T06:00:53.517Z,Santiago de Compostela,14.73,few clouds
2026-04-06T09:14:12.845Z,Santiago de Compostela,15.82,broken clouds
2026-04-06T11:01:30.831Z,Santiago de Compostela,24.68,scattered clouds
2026-04-06T13:19:44.540Z,Santiago de Compostela,26.25,clear sky
2026-04-06T14:53:28.837Z,Santiago de Compostela,25.4,few clouds
2026-04-06T16:55:09.096Z,Santiago de Compostela,20.49,scattered clouds
2026-04-06T19:07:40.460Z,Santiago de Compostela,13.88,light rain
2026-04-06T20:41:27.779Z,Santiago de Compostela,16.3,few clouds
2026-04-06T22:41:09.669Z,Santiago de Compostela,13.15,overcast clouds
2026-04-07T02:46:21.854Z,Santiago de Compostela,12.65,overcast clouds
2026-04-07T05:48:29.365Z,Santiago de Compostela,11.85,overcast clouds
2026-04-07T07:25:08.512Z,Santiago de Compostela,7.76,light rain
2026-04-07T09:08:59.933Z,Santiago de Compostela,15.73,scattered clouds
2026-04-07T11:00:52.328Z,Santiago de Compostela,15.79,overcast clouds
2026-04-07T13:41:45.796Z,Santiago de Compostela,13.53,light intensity shower rain
2026-04-07T15:13:40.031Z,Santiago de Compostela,17.22,overcast clouds
2026-04-07T17:05:00.431Z,Santiago de Compostela,12.99,broken clouds
2026-04-07T19:10:36.119Z,Santiago de Compostela,10.35,overcast clouds
2026-04-07T20:53:33.031Z,Santiago de Compostela,11.49,broken clouds
2026-04-07T22:41:56.201Z,Santiago de Compostela,10,overcast clouds
2026-04-08T02:47:30.509Z,Santiago de Compostela,11.45,overcast clouds
2026-04-08T05:49:10.140Z,Santiago de Compostela,11.35,overcast clouds
2026-04-08T07:27:40.404Z,Santiago de Compostela,11.65,overcast clouds
2026-04-08T09:07:21.170Z,Santiago de Compostela,1.51,overcast clouds
2026-04-08T11:01:59.911Z,Santiago de Compostela,15.12,overcast clouds
2026-04-08T13:28:10.702Z,Santiago de Compostela,21.09,overcast clouds
2026-04-08T15:14:47.721Z,Santiago de Compostela,19.73,scattered clouds
2026-04-08T17:08:31.066Z,Santiago de Compostela,17.73,few clouds
2026-04-08T19:23:10.019Z,Santiago de Compostela,7.04,overcast clouds
2026-04-08T20:50:43.293Z,Santiago de Compostela,12.7,fog
2026-04-08T22:44:46.765Z,Santiago de Compostela,10.12,overcast clouds
2026-04-09T02:42:18.031Z,Santiago de Compostela,9.66,broken clouds
2026-04-09T05:50:15.585Z,Santiago de Compostela,-0.96,broken clouds
2026-04-09T07:43:16.715Z,Santiago de Compostela,12.22,scattered clouds
2026-04-09T09:14:17.412Z,Santiago de Compostela,12.97,fog
2026-04-09T11:03:09.289Z,Santiago de Compostela,20.88,few clouds
2026-04-09T13:51:14.895Z,Santiago de Compostela,22.74,clear sky
2026-04-09T15:25:26.250Z,Santiago de Compostela,19.55,clear sky
2026-04-09T17:12:23.169Z,Santiago de Compostela,18.33,clear sky
2026-04-09T19:13:52.081Z,Santiago de Compostela,14.52,clear sky
2026-04-09T20:56:25.568Z,Santiago de Compostela,12.34,few clouds
2026-04-09T22:47:37.036Z,Santiago de Compostela,9.82,few clouds
2026-04-10T02:54:03.337Z,Santiago de Compostela,8.86,clear sky
2026-04-10T06:00:25.391Z,Santiago de Compostela,8.34,broken clouds
2026-04-10T09:15:36.482Z,Santiago de Compostela,20.88,clear sky
2026-04-10T10:59:32.437Z,Santiago de Compostela,26.58,few clouds
2026-04-10T13:20:23.794Z,Santiago de Compostela,29.44,broken clouds
2026-04-10T14:52:19.536Z,Santiago de Compostela,28.86,scattered clouds
2026-04-10T16:55:29.682Z,Santiago de Compostela,23,broken clouds
2026-04-10T19:00:30.543Z,Santiago de Compostela,16.31,clear sky
2026-04-10T20:43:31.747Z,Santiago de Compostela,12.42,broken clouds
2026-04-10T22:41:56.495Z,Santiago de Compostela,11.49,broken clouds
2026-04-11T02:38:21.128Z,Santiago de Compostela,9.33,overcast clouds
2026-04-11T05:26:54.337Z,Santiago de Compostela,8.6,overcast clouds
2026-04-11T07:06:16.475Z,Santiago de Compostela,7.05,overcast clouds
2026-04-11T08:51:09.081Z,Santiago de Compostela,7.27,overcast clouds
2026-04-11T10:39:38.317Z,Santiago de Compostela,11.8,overcast clouds
2026-04-11T13:07:43.802Z,Santiago de Compostela,13.22,clear sky
2026-04-11T14:39:38.119Z,Santiago de Compostela,12.55,scattered clouds
2026-04-11T16:41:43.185Z,Santiago de Compostela,10.49,clear sky
2026-04-11T18:52:37.771Z,Santiago de Compostela,7.61,clear sky
2026-04-11T20:39:18.192Z,Santiago de Compostela,5.15,clear sky
2026-04-11T22:36:44.317Z,Santiago de Compostela,2.43,clear sky
2026-04-12T02:57:11.187Z,Santiago de Compostela,3.5,broken clouds
2026-04-12T05:56:00.264Z,Santiago de Compostela,3.27,broken clouds
2026-04-12T07:23:38.988Z,Santiago de Compostela,3.7,broken clouds
2026-04-12T08:55:09.761Z,Santiago de Compostela,7.14,broken clouds
2026-04-12T10:42:26.200Z,Santiago de Compostela,8.61,broken clouds
2026-04-12T13:09:54.983Z,Santiago de Compostela,11.49,broken clouds
2026-04-12T14:43:00.133Z,Santiago de Compostela,11.81,broken clouds
2026-04-12T16:45:35.025Z,Santiago de Compostela,11.58,overcast clouds
2026-04-12T18:56:44.552Z,Santiago de Compostela,9.68,few clouds
2026-04-12T20:41:33.423Z,Santiago de Compostela,8.2,broken clouds
2026-04-12T22:39:03.292Z,Santiago de Compostela,7.73,broken clouds
2026-04-13T03:22:31.366Z,Santiago de Compostela,4.62,overcast clouds
2026-04-13T06:19:03.383Z,Santiago de Compostela,5.28,overcast clouds
2026-04-13T09:59:29.247Z,Santiago de Compostela,9.8,broken clouds
2026-04-13T11:25:27.517Z,Santiago de Compostela,11.5,broken clouds
2026-04-13T13:48:40.360Z,Santiago de Compostela,11.03,overcast clouds
2026-04-13T15:18:21.779Z,Santiago de Compostela,11.6,overcast clouds
2026-04-13T17:08:10.170Z,Santiago de Compostela,11.38,overcast clouds
2026-04-13T19:19:14.093Z,Santiago de Compostela,11,overcast clouds
2026-04-13T20:59:28.327Z,Santiago de Compostela,10.94,overcast clouds
2026-04-13T22:49:53.945Z,Santiago de Compostela,10.14,mist
2026-04-14T02:54:38.755Z,Santiago de Compostela,10.68,overcast clouds
2026-04-14T06:02:12.344Z,Santiago de Compostela,11.95,drizzle
2026-04-14T09:23:45.299Z,Santiago de Compostela,12.22,overcast clouds
2026-04-14T11:07:42.794Z,Santiago de Compostela,14.73,broken clouds
2026-04-14T13:53:57.997Z,Santiago de Compostela,14.73,broken clouds
2026-04-14T15:17:07.680Z,Santiago de Compostela,17.88,overcast clouds
2026-04-14T17:15:39.809Z,Santiago de Compostela,16.95,overcast clouds
2026-04-14T19:22:38.442Z,Santiago de Compostela,14.34,clear sky
2026-04-14T20:59:39.877Z,Santiago de Compostela,12.25,broken clouds
2026-04-14T22:50:35.913Z,Santiago de Compostela,11.8,broken clouds
2026-04-15T02:52:38.537Z,Santiago de Compostela,9.98,broken clouds
2026-04-15T06:02:23.022Z,Santiago de Compostela,12.07,broken clouds
2026-04-15T09:24:59.947Z,Santiago de Compostela,12.99,broken clouds
2026-04-15T11:04:13.577Z,Santiago de Compostela,16.04,overcast clouds
2026-04-15T13:47:45.532Z,Santiago de Compostela,13.2,overcast clouds
2026-04-15T15:09:05.582Z,Santiago de Compostela,13.4,overcast clouds
2026-04-15T17:10:10.226Z,Santiago de Compostela,12.07,overcast clouds
2026-04-15T19:23:57.272Z,Santiago de Compostela,12.67,scattered clouds
2026-04-15T20:56:13.781Z,Santiago de Compostela,12.73,broken clouds
2026-04-15T22:46:10.577Z,Santiago de Compostela,10.85,overcast clouds
2026-04-16T03:19:20.138Z,Santiago de Compostela,8.68,broken clouds
2026-04-16T06:04:32.174Z,Santiago de Compostela,8.64,broken clouds
2026-04-16T09:24:13.667Z,Santiago de Compostela,14.75,broken clouds
2026-04-16T11:08:25.628Z,Santiago de Compostela,15.73,scattered clouds
2026-04-16T13:56:48.162Z,Santiago de Compostela,16.65,overcast clouds
2026-04-16T15:45:38.602Z,Santiago de Compostela,14.74,overcast clouds
2026-04-16T17:20:00.392Z,Santiago de Compostela,14,overcast clouds
2026-04-16T19:22:22.825Z,Santiago de Compostela,15.73,few clouds
2026-04-16T20:54:00.636Z,Santiago de Compostela,8.82,overcast clouds
2026-04-16T22:46:55.047Z,Santiago de Compostela,7.58,overcast clouds
2026-04-17T02:55:07.802Z,Santiago de Compostela,6.78,overcast clouds
2026-04-17T06:05:39.777Z,Santiago de Compostela,4.73,fog
2026-04-17T09:23:10.651Z,Santiago de Compostela,12.92,overcast clouds
2026-04-17T11:01:11.436Z,Santiago de Compostela,19.77,clear sky
2026-04-17T13:27:43.320Z,Santiago de Compostela,18.61,few clouds
2026-04-17T14:59:27.939Z,Santiago de Compostela,20.1,clear sky
2026-04-17T16:57:29.763Z,Santiago de Compostela,17.59,overcast clouds
2026-04-17T19:07:21.336Z,Santiago de Compostela,13.63,clear sky
2026-04-17T20:52:13.654Z,Santiago de Compostela,11.57,overcast clouds
2026-04-17T22:46:00.156Z,Santiago de Compostela,10.52,overcast clouds
2026-04-18T02:46:12.333Z,Santiago de Compostela,8.82,overcast clouds
2026-04-18T05:43:00.150Z,Santiago de Compostela,8.86,overcast clouds
2026-04-18T07:15:06.313Z,Santiago de Compostela,10.29,overcast clouds
2026-04-18T08:56:31.868Z,Santiago de Compostela,13.94,broken clouds
2026-04-18T10:46:23.980Z,Santiago de Compostela,20,broken clouds
2026-04-18T13:10:55.801Z,Santiago de Compostela,24.81,overcast clouds
2026-04-18T14:43:28.134Z,Santiago de Compostela,24.56,overcast clouds
2026-04-18T16:48:43.891Z,Santiago de Compostela,21.52,overcast clouds
2026-04-18T18:57:18.896Z,Santiago de Compostela,15.47,broken clouds
2026-04-18T20:41:34.422Z,Santiago de Compostela,11.95,overcast clouds
2026-04-18T22:39:54.993Z,Santiago de Compostela,12.25,clear sky
2026-04-19T03:20:42.497Z,Santiago de Compostela,7.42,overcast clouds
2026-04-19T06:00:31.193Z,Santiago de Compostela,9.39,overcast clouds
2026-04-19T08:59:20.460Z,Santiago de Compostela,20.88,clear sky
2026-04-19T10:43:11.074Z,Santiago de Compostela,23.29,overcast clouds
2026-04-19T13:10:11.042Z,Santiago de Compostela,23.71,few clouds
2026-04-19T14:44:24.947Z,Santiago de Compostela,23.71,broken clouds
2026-04-19T16:47:40.826Z,Santiago de Compostela,24.13,few clouds
2026-04-19T18:57:33.702Z,Santiago de Compostela,15.75,few clouds
2026-04-19T20:42:32.503Z,Santiago de Compostela,11.06,scattered clouds
2026-04-19T22:40:49.207Z,Santiago de Compostela,10.75,few clouds
2026-04-20T03:22:55.383Z,Santiago de Compostela,8.23,scattered clouds
2026-04-20T06:19:26.396Z,Santiago de Compostela,8.61,fog
2026-04-20T10:01:41.535Z,Santiago de Compostela,21.44,clear sky
2026-04-20T13:51:26.523Z,Santiago de Compostela,22.93,clear sky
2026-04-20T15:18:51.890Z,Santiago de Compostela,21.33,overcast clouds
2026-04-20T17:08:32.156Z,Santiago de Compostela,20.24,clear sky
2026-04-20T19:12:18.716Z,Santiago de Compostela,14.48,overcast clouds
2026-04-20T20:53:18.239Z,Santiago de Compostela,11.67,overcast clouds
2026-04-20T22:50:24.007Z,Santiago de Compostela,10.84,overcast clouds
2026-04-21T02:55:58.933Z,Santiago de Compostela,13.24,overcast clouds
2026-04-21T06:04:39.810Z,Santiago de Compostela,17.73,clear sky
2026-04-21T09:44:00.475Z,Santiago de Compostela,21.01,overcast clouds
2026-04-21T11:12:44.921Z,Santiago de Compostela,21.99,light rain
2026-04-21T13:52:02.275Z,Santiago de Compostela,22.15,few clouds
2026-04-21T15:17:34.742Z,Santiago de Compostela,16.19,overcast clouds
2026-04-21T17:09:08.562Z,Santiago de Compostela,17.73,few clouds
2026-04-21T19:19:04.592Z,Santiago de Compostela,8.68,overcast clouds
2026-04-21T20:57:42.179Z,Santiago de Compostela,8.61,overcast clouds
2026-04-21T22:41:38.463Z,Santiago de Compostela,8,overcast clouds
2026-04-22T02:54:43.750Z,Santiago de Compostela,6.08,overcast clouds
2026-04-22T06:02:17.016Z,Santiago de Compostela,10.72,scattered clouds
2026-04-22T09:25:36.703Z,Santiago de Compostela,13.41,overcast clouds
2026-04-22T11:10:34.229Z,Santiago de Compostela,15.43,few clouds
2026-04-22T13:51:54.176Z,Santiago de Compostela,19.51,scattered clouds
2026-04-22T15:17:58.348Z,Santiago de Compostela,18.43,few clouds
2026-04-22T17:06:58.339Z,Santiago de Compostela,17.64,scattered clouds
2026-04-22T19:20:19.608Z,Santiago de Compostela,15.24,few clouds
2026-04-22T21:00:23.630Z,Santiago de Compostela,9.7,broken clouds
2026-04-22T22:51:33.208Z,Santiago de Compostela,9.27,broken clouds
2026-04-23T02:57:23.123Z,Santiago de Compostela,8.44,overcast clouds
2026-04-23T06:07:54.122Z,Santiago de Compostela,8.43,overcast clouds
2026-04-23T09:48:11.244Z,Santiago de Compostela,19.58,overcast clouds
2026-04-23T11:13:28.866Z,Santiago de Compostela,22.16,overcast clouds
2026-04-23T13:54:25.545Z,Santiago de Compostela,23.23,few clouds
2026-04-23T15:57:39.294Z,Santiago de Compostela,22.12,few clouds
2026-04-23T17:40:48.067Z,Santiago de Compostela,20.73,few clouds
2026-04-23T19:17:40.080Z,Santiago de Compostela,17.73,few clouds
2026-04-23T20:56:58.870Z,Santiago de Compostela,15.73,few clouds
2026-04-23T22:51:57.936Z,Santiago de Compostela,13.45,scattered clouds
2026-04-24T03:18:56.673Z,Santiago de Compostela,9.67,few clouds
2026-04-24T06:10:37.755Z,Santiago de Compostela,9.69,scattered clouds
2026-04-24T09:47:51.585Z,Santiago de Compostela,15.73,clear sky
2026-04-24T11:08:49.788Z,Santiago de Compostela,17.73,clear sky
2026-04-24T13:44:45.650Z,Santiago de Compostela,20.55,scattered clouds
2026-04-24T15:11:28.462Z,Santiago de Compostela,19.64,overcast clouds
2026-04-24T17:02:17.850Z,Santiago de Compostela,19.99,broken clouds
2026-04-24T18:59:41.911Z,Santiago de Compostela,16.8,broken clouds
2026-04-24T22:43:13.649Z,Santiago de Compostela,12.67,scattered clouds
2026-04-25T02:48:17.378Z,Santiago de Compostela,6.86,few clouds
2026-04-25T05:49:54.903Z,Santiago de Compostela,6.94,few clouds
2026-04-25T07:24:03.638Z,Santiago de Compostela,8.57,few clouds
2026-04-25T08:58:35.085Z,Santiago de Compostela,14.64,scattered clouds
2026-04-25T10:48:47.973Z,Santiago de Compostela,23.1,few clouds
2026-04-25T13:13:40.130Z,Santiago de Compostela,24.22,few clouds
2026-04-25T14:47:41.227Z,Santiago de Compostela,22.66,few clouds
2026-04-25T16:49:58.810Z,Santiago de Compostela,20.73,few clouds
2026-04-25T18:59:47.413Z,Santiago de Compostela,14.8,few clouds
2026-04-25T20:43:58.698Z,Santiago de Compostela,13.3,clear sky
2026-04-25T22:41:36.535Z,Santiago de Compostela,12.24,overcast clouds
2026-04-26T03:25:45.921Z,Santiago de Compostela,9.22,overcast clouds
2026-04-26T06:09:33.220Z,Santiago de Compostela,8.73,fog
2026-04-26T09:06:13.660Z,Santiago de Compostela,14.73,fog
2026-04-26T10:50:16.418Z,Santiago de Compostela,23.1,clear sky
2026-04-26T13:15:05.456Z,Santiago de Compostela,24.31,few clouds
2026-04-26T14:50:20.342Z,Santiago de Compostela,24.02,few clouds
2026-04-26T16:51:17.577Z,Santiago de Compostela,19.64,few clouds
2026-04-26T19:01:17.041Z,Santiago de Compostela,16.33,few clouds
2026-04-26T20:44:34.140Z,Santiago de Compostela,13.02,scattered clouds
2026-04-26T22:42:59.836Z,Santiago de Compostela,12.55,broken clouds
2026-04-27T03:30:21.213Z,Santiago de Compostela,11.8,broken clouds
2026-04-27T06:31:03.996Z,Santiago de Compostela,11.49,broken clouds
2026-04-27T10:21:18.134Z,Santiago de Compostela,14.73,broken clouds
2026-04-27T14:03:56.186Z,Santiago de Compostela,20.75,few clouds
2026-04-27T17:25:47.246Z,Santiago de Compostela,18.76,few clouds
2026-04-27T19:39:11.335Z,Santiago de Compostela,13.53,clear sky
2026-04-27T21:06:53.834Z,Santiago de Compostela,12.97,clear sky
2026-04-27T22:56:23.890Z,Santiago de Compostela,11.31,few clouds
2026-04-28T03:35:38.075Z,Santiago de Compostela,7.97,few clouds
2026-04-28T06:32:19.714Z,Santiago de Compostela,12.73,clear sky
2026-04-28T10:19:03.685Z,Santiago de Compostela,18.53,few clouds
2026-04-28T17:49:03.886Z,Santiago de Compostela,19.73,few clouds
2026-04-28T19:46:16.671Z,Santiago de Compostela,17.73,few clouds
2026-04-28T21:10:30.966Z,Santiago de Compostela,16.73,clear sky
2026-04-28T22:58:52.694Z,Santiago de Compostela,14.73,clear sky
2026-04-29T03:33:45.114Z,Santiago de Compostela,12.73,clear sky
2026-04-29T06:27:10.625Z,Santiago de Compostela,9.21,few clouds
2026-04-29T10:09:55.869Z,Santiago de Compostela,13.73,broken clouds
2026-04-29T14:07:50.062Z,Santiago de Compostela,14.64,broken clouds
2026-04-29T17:42:05.836Z,Santiago de Compostela,14.64,broken clouds
2026-04-29T19:42:07.655Z,Santiago de Compostela,14.09,broken clouds
2026-04-29T21:09:39.141Z,Santiago de Compostela,12.97,scattered clouds
2026-04-29T22:59:37.398Z,Santiago de Compostela,12.42,broken clouds
2026-04-30T03:34:52.506Z,Santiago de Compostela,12.42,broken clouds
2026-04-30T06:30:49.509Z,Santiago de Compostela,9.64,broken clouds
2026-04-30T10:10:03.347Z,Santiago de Compostela,14.09,overcast clouds
2026-04-30T14:06:20.158Z,Santiago de Compostela,16.31,broken clouds
2026-04-30T17:24:15.038Z,Santiago de Compostela,16.31,broken clouds
2026-04-30T19:38:55.838Z,Santiago de Compostela,14.09,scattered clouds
2026-04-30T21:04:33.283Z,Santiago de Compostela,11.31,scattered clouds
2026-04-30T22:56:00.849Z,Santiago de Compostela,9.09,few clouds
2026-05-01T03:45:47.755Z,Santiago de Compostela,6.31,few clouds
2026-05-01T06:39:53.792Z,Santiago de Compostela,10.73,overcast clouds
2026-05-01T09:49:13.848Z,Santiago de Compostela,16.73,clear sky
2026-05-01T11:10:15.704Z,Santiago de Compostela,21.99,few clouds
2026-05-01T13:26:28.790Z,Santiago de Compostela,18.53,few clouds
2026-05-01T14:59:49.708Z,Santiago de Compostela,19.09,scattered clouds
2026-05-01T17:00:32.743Z,Santiago de Compostela,17.55,broken clouds
2026-05-01T19:17:26.855Z,Santiago de Compostela,16.18,broken clouds
2026-05-01T20:57:19.971Z,Santiago de Compostela,14.09,broken clouds
2026-05-01T22:53:46.368Z,Santiago de Compostela,13.43,scattered clouds
2026-05-02T03:20:20.831Z,Santiago de Compostela,8.53,overcast clouds
2026-05-02T06:10:10.041Z,Santiago de Compostela,7.97,overcast clouds
2026-05-02T09:11:27.503Z,Santiago de Compostela,11.93,few clouds
2026-05-02T10:55:56.022Z,Santiago de Compostela,15.99,few clouds
2026-05-02T13:20:43.870Z,Santiago de Compostela,16.05,light rain
2026-05-02T14:52:40.377Z,Santiago de Compostela,16.49,light rain
2026-05-02T16:54:33.311Z,Santiago de Compostela,15.43,light rain
2026-05-02T19:05:59.807Z,Santiago de Compostela,13.74,light rain
2026-05-02T20:49:26.714Z,Santiago de Compostela,12.99,light rain
2026-05-02T22:49:57.355Z,Santiago de Compostela,11.93,fog
2026-05-03T03:37:55.518Z,Santiago de Compostela,11.61,fog
2026-05-03T06:28:59.094Z,Santiago de Compostela,11.61,fog
2026-05-03T09:24:22.481Z,Santiago de Compostela,11.8,moderate rain
2026-05-03T10:57:05.147Z,Santiago de Compostela,13.18,moderate rain
2026-05-03T13:19:45.166Z,Santiago de Compostela,13.49,light rain
2026-05-03T14:52:31.979Z,Santiago de Compostela,13.93,light rain
2026-05-03T16:56:05.305Z,Santiago de Compostela,12.67,light rain
2026-05-03T19:05:24.534Z,Santiago de Compostela,11.93,light rain
2026-05-03T20:50:53.054Z,Santiago de Compostela,11.18,few clouds
2026-05-03T22:49:45.023Z,Santiago de Compostela,10.74,clear sky
2026-05-04T03:36:15.908Z,Santiago de Compostela,7.67,clear sky
2026-05-04T06:42:22.942Z,Santiago de Compostela,8.73,fog
2026-05-04T10:17:27.241Z,Santiago de Compostela,11.81,light rain
2026-05-04T14:11:06.891Z,Santiago de Compostela,11.49,broken clouds
2026-05-04T17:43:58.270Z,Santiago de Compostela,11.49,broken clouds
2026-05-04T19:45:35.261Z,Santiago de Compostela,10.74,light rain
2026-05-04T21:11:52.810Z,Santiago de Compostela,9.05,scattered clouds
2026-05-04T22:58:45.566Z,Santiago de Compostela,7.36,clear sky
2026-05-05T03:23:01.355Z,Santiago de Compostela,8.73,broken clouds
2026-05-05T06:20:27.233Z,Santiago de Compostela,8.73,broken clouds
2026-05-05T10:06:07.530Z,Santiago de Compostela,12.24,light rain
2026-05-05T17:27:40.268Z,Santiago de Compostela,13.92,light rain
2026-05-05T19:27:24.069Z,Santiago de Compostela,12.86,scattered clouds
2026-05-05T21:06:26.486Z,Santiago de Compostela,11.19,few clouds
2026-05-05T22:58:26.700Z,Santiago de Compostela,9.36,few clouds
2026-05-06T03:33:29.478Z,Santiago de Compostela,8.73,fog
2026-05-06T06:32:35.309Z,Santiago de Compostela,7.67,fog
2026-05-06T10:22:14.548Z,Santiago de Compostela,12.42,fog
2026-05-06T14:24:01.612Z,Santiago de Compostela,14.24,light rain
2026-05-06T17:44:43.798Z,Santiago de Compostela,13.93,scattered clouds
2026-05-06T19:50:29.751Z,Santiago de Compostela,11.8,few clouds
2026-05-06T21:14:17.885Z,Santiago de Compostela,10.11,few clouds
2026-05-06T22:55:35.184Z,Santiago de Compostela,7.44,overcast clouds
2026-05-07T03:33:29.211Z,Santiago de Compostela,7.7,scattered clouds
2026-05-07T06:40:09.783Z,Santiago de Compostela,9.73,fog
2026-05-07T10:27:53.823Z,Santiago de Compostela,20.33,few clouds
2026-05-07T14:24:03.537Z,Santiago de Compostela,17.42,light rain
2026-05-07T17:50:55.186Z,Santiago de Compostela,16.49,light rain
2026-05-07T19:46:22.494Z,Santiago de Compostela,14.73,scattered clouds
2026-05-07T21:07:17.969Z,Santiago de Compostela,11.6,overcast clouds
2026-05-07T23:02:19.914Z,Santiago de Compostela,10.21,overcast clouds
2026-05-08T03:29:04.622Z,Santiago de Compostela,6.86,overcast clouds
2026-05-08T06:00:16.324Z,Santiago de Compostela,8.43,broken clouds
2026-05-08T07:55:05.384Z,Santiago de Compostela,9.68,light rain
2026-05-08T09:27:07.226Z,Santiago de Compostela,12.24,light rain
2026-05-08T11:21:16.454Z,Santiago de Compostela,15.43,light rain
2026-05-08T13:59:26.665Z,Santiago de Compostela,12.86,light rain
2026-05-08T15:45:33.690Z,Santiago de Compostela,12.42,broken clouds
2026-05-08T17:23:23.071Z,Santiago de Compostela,14.55,broken clouds
2026-05-08T19:24:30.396Z,Santiago de Compostela,14.37,scattered clouds
2026-05-08T21:05:45.837Z,Santiago de Compostela,10.56,clear sky
2026-05-08T22:58:58.700Z,Santiago de Compostela,8.53,broken clouds
2026-05-09T03:28:25.144Z,Santiago de Compostela,8.53,overcast clouds
2026-05-09T06:19:25.804Z,Santiago de Compostela,11.73,scattered clouds
2026-05-09T09:23:20.689Z,Santiago de Compostela,16.18,few clouds
2026-05-09T11:00:43.295Z,Santiago de Compostela,17.55,light rain
2026-05-09T13:25:04.350Z,Santiago de Compostela,14.09,moderate rain
2026-05-09T14:55:39.688Z,Santiago de Compostela,14.06,light rain
2026-05-09T16:59:21.051Z,Santiago de Compostela,14.07,light rain
2026-05-09T19:08:40.488Z,Santiago de Compostela,12.86,light rain
2026-05-09T20:50:46.637Z,Santiago de Compostela,11.49,broken clouds
2026-05-09T22:51:29.759Z,Santiago de Compostela,10.87,scattered clouds
2026-05-10T03:40:48.348Z,Santiago de Compostela,9.07,scattered clouds
2026-05-10T06:36:13.908Z,Santiago de Compostela,9.52,light rain
2026-05-10T09:41:08.183Z,Santiago de Compostela,13.61,broken clouds
2026-05-10T11:02:02.656Z,Santiago de Compostela,14.37,light rain
2026-05-10T13:26:57.730Z,Santiago de Compostela,14.37,broken clouds
2026-05-10T14:56:37.246Z,Santiago de Compostela,16.31,overcast clouds
2026-05-10T16:59:49.720Z,Santiago de Compostela,16.73,light rain
2026-05-10T19:10:23.812Z,Santiago de Compostela,12.26,broken clouds
2026-05-10T20:53:36.929Z,Santiago de Compostela,11.51,light intensity drizzle
2026-05-10T22:52:50.271Z,Santiago de Compostela,11.19,light rain
2026-05-11T03:54:18.034Z,Santiago de Compostela,10.11,scattered clouds
2026-05-11T07:48:44.355Z,Santiago de Compostela,12.24,light rain
2026-05-11T11:28:25.811Z,Santiago de Compostela,15.74,light rain
2026-05-11T15:19:38.426Z,Santiago de Compostela,15.2,moderate rain
2026-05-11T17:58:03.581Z,Santiago de Compostela,15.74,moderate rain
2026-05-11T19:59:07.440Z,Santiago de Compostela,14.05,light rain
2026-05-11T21:25:05.916Z,Santiago de Compostela,13,broken clouds
2026-05-11T22:58:15.179Z,Santiago de Compostela,11.3,broken clouds
2026-05-12T03:37:35.697Z,Santiago de Compostela,9.09,overcast clouds
2026-05-12T06:39:42.634Z,Santiago de Compostela,9.17,fog
2026-05-12T10:35:26.183Z,Santiago de Compostela,13.49,moderate rain
2026-05-12T14:33:20.283Z,Santiago de Compostela,13.93,moderate rain
2026-05-12T18:02:50.305Z,Santiago de Compostela,15.43,light rain
2026-05-12T21:22:39.409Z,Santiago de Compostela,11.5,scattered clouds
2026-05-12T23:04:53.655Z,Santiago de Compostela,10.72,few clouds
2026-05-13T03:46:24.776Z,Santiago de Compostela,10.67,scattered clouds
2026-05-13T06:50:43.882Z,Santiago de Compostela,9.52,few clouds
2026-05-13T10:32:49.541Z,Santiago de Compostela,14.99,scattered clouds
2026-05-13T14:43:24.436Z,Santiago de Compostela,17.12,broken clouds
2026-05-13T18:03:49.758Z,Santiago de Compostela,13.93,scattered clouds
2026-05-13T21:27:19.840Z,Santiago de Compostela,10.45,scattered clouds
2026-05-13T23:07:38.079Z,Santiago de Compostela,10.73,broken clouds
2026-05-14T03:45:30.032Z,Santiago de Compostela,6.33,broken clouds
2026-05-14T06:48:16.717Z,Santiago de Compostela,8.76,light rain
2026-05-14T10:22:42.955Z,Santiago de Compostela,12.12,broken clouds
2026-05-14T14:23:27.285Z,Santiago de Compostela,13.49,light rain
2026-05-14T17:56:21.616Z,Santiago de Compostela,12.24,broken clouds
2026-05-14T19:53:41.572Z,Santiago de Compostela,11.36,broken clouds
2026-05-14T21:14:01.890Z,Santiago de Compostela,9.82,broken clouds
2026-05-14T22:59:59.652Z,Santiago de Compostela,9.52,broken clouds
2026-05-15T03:50:09.469Z,Santiago de Compostela,9.67,broken clouds
2026-05-15T07:27:07.476Z,Santiago de Compostela,8.92,light rain
2026-05-15T10:28:12.837Z,Santiago de Compostela,12.86,light rain
2026-05-15T14:16:24.162Z,Santiago de Compostela,15.43,scattered clouds
2026-05-15T17:43:28.586Z,Santiago de Compostela,13.93,scattered clouds
2026-05-15T19:43:32.037Z,Santiago de Compostela,11.73,few clouds
2026-05-15T21:06:47.624Z,Santiago de Compostela,10.73,few clouds
2026-05-15T22:57:59.586Z,Santiago de Compostela,6.31,clear sky
2026-05-16T03:32:29.499Z,Santiago de Compostela,6.46,broken clouds
2026-05-16T06:24:51.032Z,Santiago de Compostela,7.36,broken clouds
2026-05-16T09:44:04.950Z,Santiago de Compostela,11.05,broken clouds
2026-05-16T11:04:23.201Z,Santiago de Compostela,12.42,broken clouds
2026-05-16T13:40:15.115Z,Santiago de Compostela,14.05,broken clouds
2026-05-16T15:00:17.923Z,Santiago de Compostela,15.3,broken clouds
2026-05-16T17:01:54.262Z,Santiago de Compostela,15.43,broken clouds
2026-05-16T19:10:46.943Z,Santiago de Compostela,14.36,scattered clouds
2026-05-16T20:54:12.271Z,Santiago de Compostela,12.73,broken clouds
2026-05-16T22:51:54.051Z,Santiago de Compostela,11.73,overcast clouds
2026-05-17T03:50:36.248Z,Santiago de Compostela,9.49,overcast clouds
2026-05-17T06:47:38.433Z,Santiago de Compostela,9.99,broken clouds
2026-05-17T09:49:27.320Z,Santiago de Compostela,13.18,scattered clouds
2026-05-17T11:11:31.067Z,Santiago de Compostela,14.25,broken clouds
2026-05-17T13:39:09.280Z,Santiago de Compostela,16.05,broken clouds
2026-05-17T17:00:42.047Z,Santiago de Compostela,16.05,broken clouds
2026-05-17T19:13:57.894Z,Santiago de Compostela,13.93,clear sky
2026-05-17T20:57:58.163Z,Santiago de Compostela,10.87,clear sky
2026-05-17T22:55:58.407Z,Santiago de Compostela,6.86,overcast clouds
2026-05-18T04:02:49.896Z,Santiago de Compostela,5.68,clear sky
2026-05-18T10:12:14.885Z,Santiago de Compostela,15.11,scattered clouds
2026-05-18T15:40:19.942Z,Santiago de Compostela,15.73,light rain
2026-05-18T18:03:15.902Z,Santiago de Compostela,14.73,few clouds
2026-05-18T21:14:59.972Z,Santiago de Compostela,12.55,scattered clouds
2026-05-18T23:05:38.681Z,Santiago de Compostela,11.93,broken clouds
2026-05-19T03:56:24.016Z,Santiago de Compostela,12.67,light intensity drizzle
2026-05-19T07:52:46.675Z,Santiago de Compostela,13.61,moderate rain
2026-05-19T11:23:51.058Z,Santiago de Compostela,15.6,broken clouds
2026-05-19T15:32:37.526Z,Santiago de Compostela,17.55,scattered clouds
2026-05-19T18:08:31.108Z,Santiago de Compostela,16.61,scattered clouds
2026-05-19T21:23:03.683Z,Santiago de Compostela,12.67,clear sky
2026-05-19T23:06:24.835Z,Santiago de Compostela,10.99,scattered clouds
2026-05-20T03:57:08.914Z,Santiago de Compostela,9.09,overcast clouds
2026-05-20T07:52:43.308Z,Santiago de Compostela,12.97,clear sky
2026-05-20T10:55:03.915Z,Santiago de Compostela,21.44,clear sky
2026-05-20T15:30:51.711Z,Santiago de Compostela,24.59,few clouds
2026-05-20T18:21:03.952Z,Santiago de Compostela,24.31,clear sky
2026-05-20T21:59:10.011Z,Santiago de Compostela,14.64,few clouds
2026-05-20T23:22:44.383Z,Santiago de Compostela,12.43,few clouds
2026-05-21T04:05:51.208Z,Santiago de Compostela,11.04,clear sky
2026-05-21T09:49:52.663Z,Santiago de Compostela,23.1,overcast clouds
2026-05-21T12:46:40.478Z,Santiago de Compostela,24.75,few clouds
2026-05-21T16:39:57.901Z,Santiago de Compostela,25.5,clear sky
2026-05-21T19:57:57.816Z,Santiago de Compostela,23.73,clear sky
2026-05-21T21:43:33.470Z,Santiago de Compostela,14.68,scattered clouds
2026-05-21T23:05:43.875Z,Santiago de Compostela,14.93,scattered clouds
2026-05-22T04:00:29.284Z,Santiago de Compostela,14.73,clear sky
2026-05-22T09:34:43.197Z,Santiago de Compostela,23.69,clear sky
2026-05-22T12:23:59.597Z,Santiago de Compostela,26.07,clear sky
2026-05-22T16:27:51.254Z,Santiago de Compostela,26.75,clear sky
2026-05-22T19:52:41.015Z,Santiago de Compostela,21.73,clear sky
2026-05-22T21:15:07.557Z,Santiago de Compostela,21.73,clear sky
2026-05-22T23:04:48.817Z,Santiago de Compostela,17.42,clear sky
2026-05-23T03:37:56.717Z,Santiago de Compostela,19.64,clear sky
2026-05-23T09:56:53.357Z,Santiago de Compostela,25.33,clear sky
2026-05-23T11:19:47.600Z,Santiago de Compostela,24.73,clear sky
2026-05-23T15:04:11.503Z,Santiago de Compostela,26.99,clear sky
2026-05-23T17:04:11.086Z,Santiago de Compostela,25.73,clear sky
2026-05-23T19:16:23.240Z,Santiago de Compostela,23.73,clear sky
2026-05-23T20:57:28.136Z,Santiago de Compostela,18.53,few clouds
2026-05-23T22:55:56.516Z,Santiago de Compostela,15.75,scattered clouds
2026-05-24T03:59:50.313Z,Santiago de Compostela,14.64,clear sky
2026-05-24T07:27:54.078Z,Santiago de Compostela,20.11,clear sky
2026-05-24T09:58:46.369Z,Santiago de Compostela,25.99,clear sky
2026-05-24T11:23:52.121Z,Santiago de Compostela,27.95,clear sky
2026-05-24T13:43:29.864Z,Santiago de Compostela,29.71,clear sky
2026-05-24T15:07:41.257Z,Santiago de Compostela,30.67,few clouds
2026-05-24T17:07:26.697Z,Santiago de Compostela,26.31,scattered clouds
2026-05-24T19:22:10.881Z,Santiago de Compostela,21.86,broken clouds
2026-05-24T21:00:52.791Z,Santiago de Compostela,20.2,moderate rain
2026-05-24T23:00:22.063Z,Santiago de Compostela,17.42,overcast clouds
2026-05-25T04:11:14.627Z,Santiago de Compostela,13.57,broken clouds
2026-05-25T10:16:44.602Z,Santiago de Compostela,28.1,clear sky
2026-05-25T15:15:43.872Z,Santiago de Compostela,28.7,few clouds
2026-05-25T17:46:42.747Z,Santiago de Compostela,25.11,few clouds
2026-05-25T19:46:27.024Z,Santiago de Compostela,23.73,few clouds
2026-05-25T21:13:33.748Z,Santiago de Compostela,17.42,scattered clouds
2026-05-25T23:08:19.458Z,Santiago de Compostela,15.75,scattered clouds
2026-05-26T03:56:52.199Z,Santiago de Compostela,15.55,few clouds
2026-05-26T07:56:41.555Z,Santiago de Compostela,15.75,fog
2026-05-26T15:46:58.019Z,Santiago de Compostela,26.18,clear sky
2026-05-26T18:29:59.997Z,Santiago de Compostela,26.61,clear sky
2026-05-26T21:48:15.385Z,Santiago de Compostela,16.31,clear sky
2026-05-26T23:12:38.995Z,Santiago de Compostela,14.09,clear sky
2026-05-27T04:10:43.578Z,Santiago de Compostela,19.73,clear sky
2026-05-27T10:00:22.333Z,Santiago de Compostela,27.93,clear sky
2026-05-27T15:54:28.602Z,Santiago de Compostela,31.25,clear sky
2026-05-27T18:28:49.192Z,Santiago de Compostela,27.36,clear sky
2026-05-27T21:58:55.600Z,Santiago de Compostela,17.99,broken clouds
2026-05-27T23:24:35.990Z,Santiago de Compostela,16.39,broken clouds
2026-05-28T03:58:39.985Z,Santiago de Compostela,13.53,overcast clouds
2026-05-28T08:08:07.526Z,Santiago de Compostela,18.61,clear sky
2026-05-28T13:55:15.097Z,Santiago de Compostela,26.36,clear sky
2026-05-28T17:35:28.815Z,Santiago de Compostela,22.97,clear sky
2026-05-28T20:28:29.636Z,Santiago de Compostela,17.58,broken clouds
2026-05-28T23:20:17.468Z,Santiago de Compostela,16.18,broken clouds
2026-05-29T04:00:31.684Z,Santiago de Compostela,15.43,broken clouds
2026-05-29T09:59:41.568Z,Santiago de Compostela,16.73,overcast clouds
2026-05-29T12:51:50.663Z,Santiago de Compostela,28.1,broken clouds
2026-05-29T17:35:32.765Z,Santiago de Compostela,20.73,scattered clouds
2026-05-29T20:30:57.940Z,Santiago de Compostela,16.53,overcast clouds
2026-05-29T23:17:25.198Z,Santiago de Compostela,16.19,mist
2026-05-30T03:47:37.553Z,Santiago de Compostela,15.44,mist
2026-05-30T06:49:40.204Z,Santiago de Compostela,14.68,fog
2026-05-30T10:03:19.477Z,Santiago de Compostela,15.73,mist
2026-05-30T13:47:15.059Z,Santiago de Compostela,22.42,few clouds
2026-05-30T15:11:40.045Z,Santiago de Compostela,22.86,few clouds
2026-05-30T17:12:10.261Z,Santiago de Compostela,22.42,few clouds
2026-05-30T19:22:27.832Z,Santiago de Compostela,18.62,few clouds
2026-05-30T21:02:55.959Z,Santiago de Compostela,15.2,clear sky
2026-05-30T23:01:31.161Z,Santiago de Compostela,12.99,clear sky
2026-05-31T04:12:41.417Z,Santiago de Compostela,12.7,few clouds
2026-05-31T08:51:12.558Z,Santiago de Compostela,17.73,clear sky
2026-05-31T11:41:53.602Z,Santiago de Compostela,21.73,clear sky
2026-05-31T13:52:38.186Z,Santiago de Compostela,24.68,clear sky
2026-05-31T15:19:07.598Z,Santiago de Compostela,25.11,clear sky
2026-05-31T17:10:50.640Z,Santiago de Compostela,23.61,clear sky
2026-05-31T19:21:55.455Z,Santiago de Compostela,19.37,clear sky
2026-05-31T21:03:43.905Z,Santiago de Compostela,16.5,clear sky
2026-05-31T23:03:00.204Z,Santiago de Compostela,15.11,overcast clouds
2026-06-01T04:26:41.053Z,Santiago de Compostela,13.64,clear sky
2026-06-01T11:42:41.536Z,Santiago de Compostela,28.1,few clouds
2026-06-01T17:48:28.669Z,Santiago de Compostela,20.87,broken clouds
2026-06-01T21:36:59.362Z,Santiago de Compostela,17.67,overcast clouds
2026-06-01T23:37:48.425Z,Santiago de Compostela,16.61,overcast clouds
2026-06-02T04:20:01.879Z,Santiago de Compostela,14.37,broken clouds
2026-06-02T10:42:54.712Z,Santiago de Compostela,16.73,broken clouds
2026-06-02T16:40:12.583Z,Santiago de Compostela,18.55,broken clouds
2026-06-02T20:53:30.901Z,Santiago de Compostela,13.63,few clouds
2026-06-02T23:48:58.423Z,Santiago de Compostela,12.97,few clouds
2026-06-03T04:40:22.934Z,Santiago de Compostela,12.97,broken clouds
2026-06-03T11:06:29.677Z,Santiago de Compostela,16.86,scattered clouds
2026-06-03T16:56:48.469Z,Santiago de Compostela,17.41,overcast clouds
2026-06-03T21:19:19.649Z,Santiago de Compostela,14.64,overcast clouds
2026-06-03T23:47:09.379Z,Santiago de Compostela,14.64,overcast clouds
2026-06-04T04:24:21.512Z,Santiago de Compostela,13.54,overcast clouds
2026-06-04T10:01:14.641Z,Santiago de Compostela,15.75,overcast clouds
2026-06-04T15:23:46.015Z,Santiago de Compostela,16.31,broken clouds
2026-06-04T18:21:43.338Z,Santiago de Compostela,16.31,scattered clouds
2026-06-04T21:43:51.114Z,Santiago de Compostela,10.31,broken clouds
2026-06-04T23:11:41.175Z,Santiago de Compostela,9.09,broken clouds
2026-06-05T04:07:53.506Z,Santiago de Compostela,4.09,broken clouds
2026-06-05T09:58:26.486Z,Santiago de Compostela,15.2,overcast clouds
2026-06-05T12:44:48.821Z,Santiago de Compostela,16.86,overcast clouds
2026-06-05T16:30:53.824Z,Santiago de Compostela,16.31,broken clouds
2026-06-05T19:59:43.210Z,Santiago de Compostela,12.97,overcast clouds
2026-06-05T21:40:42.612Z,Santiago de Compostela,11.86,overcast clouds
2026-06-05T23:12:49.733Z,Santiago de Compostela,11.86,overcast clouds
2026-06-06T03:51:42.588Z,Santiago de Compostela,12.42,overcast clouds
2026-06-06T06:55:34.155Z,Santiago de Compostela,12.42,broken clouds
2026-06-06T10:07:49.621Z,Santiago de Compostela,15.75,broken clouds
2026-06-06T13:51:32.335Z,Santiago de Compostela,24.22,overcast clouds
2026-06-06T15:18:36.444Z,Santiago de Compostela,24.77,overcast clouds
2026-06-06T17:18:17.786Z,Santiago de Compostela,18.03,overcast clouds
2026-06-06T19:37:19.515Z,Santiago de Compostela,16.31,overcast clouds
2026-06-06T21:08:05.040Z,Santiago de Compostela,14.09,overcast clouds
2026-06-06T23:07:14.675Z,Santiago de Compostela,10.75,broken clouds
2026-06-07T04:17:45.207Z,Santiago de Compostela,6.31,few clouds
2026-06-07T09:19:24.663Z,Santiago de Compostela,15.75,overcast clouds
2026-06-07T11:51:10.243Z,Santiago de Compostela,24.77,overcast clouds
2026-06-07T14:01:49.160Z,Santiago de Compostela,24.69,broken clouds
2026-06-07T17:22:01.342Z,Santiago de Compostela,21.35,scattered clouds
2026-06-07T19:37:55.255Z,Santiago de Compostela,19.37,scattered clouds
2026-06-07T21:17:32.674Z,Santiago de Compostela,15.68,few clouds
2026-06-07T23:09:19.541Z,Santiago de Compostela,11.86,few clouds
2026-06-08T04:22:14.381Z,Santiago de Compostela,6.86,clear sky
2026-06-08T11:03:45.953Z,Santiago de Compostela,25.33,clear sky
2026-06-08T15:59:35.970Z,Santiago de Compostela,15.75,overcast clouds
2026-06-08T18:31:32.715Z,Santiago de Compostela,14.64,overcast clouds
2026-06-08T21:52:05.746Z,Santiago de Compostela,11.86,broken clouds
2026-06-08T23:13:37.966Z,Santiago de Compostela,9.64,broken clouds
2026-06-09T03:53:43.642Z,Santiago de Compostela,5.2,few clouds
2026-06-09T07:54:04.780Z,Santiago de Compostela,12.97,few clouds
2026-06-09T11:19:54.070Z,Santiago de Compostela,16.86,few clouds
2026-06-09T15:14:11.544Z,Santiago de Compostela,17.97,few clouds
2026-06-09T18:10:10.284Z,Santiago de Compostela,16.31,scattered clouds
2026-06-09T21:52:07.861Z,Santiago de Compostela,11.86,scattered clouds
2026-06-09T23:18:44.775Z,Santiago de Compostela,10.2,scattered clouds
2026-06-10T04:04:54.223Z,Santiago de Compostela,5.75,broken clouds
2026-06-10T10:09:31.549Z,Santiago de Compostela,16.86,broken clouds
2026-06-10T15:45:38.675Z,Santiago de Compostela,21.86,clear sky
2026-06-10T18:32:40.874Z,Santiago de Compostela,19.68,clear sky
2026-06-10T22:06:06.272Z,Santiago de Compostela,12.97,few clouds
2026-06-11T04:18:35.073Z,Santiago de Compostela,7.42,overcast clouds
2026-06-11T10:42:53.060Z,Santiago de Compostela,24.77,broken clouds
2026-06-11T16:09:23.138Z,Santiago de Compostela,26.86,overcast clouds
2026-06-11T20:29:00.512Z,Santiago de Compostela,20.81,scattered clouds
2026-06-11T23:26:20.516Z,Santiago de Compostela,15.75,scattered clouds
2026-06-12T04:20:48.716Z,Santiago de Compostela,10.2,few clouds
2026-06-12T10:19:34.490Z,Santiago de Compostela,26.09,scattered clouds
2026-06-12T15:23:20.784Z,Santiago de Compostela,32.97,broken clouds
2026-06-12T18:09:42.356Z,Santiago de Compostela,31.93,broken clouds
2026-06-12T21:50:32.292Z,Santiago de Compostela,21.32,overcast clouds
2026-06-12T23:21:14.140Z,Santiago de Compostela,18.55,overcast clouds
2026-06-13T04:09:15.891Z,Santiago de Compostela,17.97,overcast clouds
2026-06-13T09:21:33.759Z,Santiago de Compostela,28.1,overcast clouds
2026-06-13T11:55:50.357Z,Santiago de Compostela,31.31,broken clouds
2026-06-13T14:11:18.655Z,Santiago de Compostela,30.52,overcast clouds
2026-06-13T17:26:03.232Z,Santiago de Compostela,26.86,overcast clouds
2026-06-13T19:41:45.015Z,Santiago de Compostela,22.97,broken clouds
2026-06-13T21:19:52.215Z,Santiago de Compostela,18.87,broken clouds
2026-06-13T23:09:13.144Z,Santiago de Compostela,18.53,overcast clouds
2026-06-14T04:26:22.074Z,Santiago de Compostela,14.64,overcast clouds
2026-06-14T09:41:14.447Z,Santiago de Compostela,28.66,broken clouds
2026-06-14T12:00:03.767Z,Santiago de Compostela,29.77,broken clouds
2026-06-14T14:23:06.073Z,Santiago de Compostela,29.69,broken clouds
2026-06-14T17:22:49.523Z,Santiago de Compostela,26.37,broken clouds
2026-06-14T19:41:17.974Z,Santiago de Compostela,24.09,broken clouds
2026-06-14T21:16:17.517Z,Santiago de Compostela,18.47,broken clouds
2026-06-14T23:11:25.718Z,Santiago de Compostela,17.48,overcast clouds
2026-06-15T04:50:04.048Z,Santiago de Compostela,15.22,broken clouds
2026-06-15T12:23:47.984Z,Santiago de Compostela,30.88,few clouds
2026-06-15T18:41:27.812Z,Santiago de Compostela,21.86,few clouds
2026-06-15T22:21:47.021Z,Santiago de Compostela,15.22,broken clouds
2026-06-16T04:47:11.537Z,Santiago de Compostela,10.75,broken clouds
2026-06-16T11:18:50.419Z,Santiago de Compostela,29.22,clear sky
2026-06-16T17:01:40.633Z,Santiago de Compostela,25.75,clear sky
2026-06-16T20:55:58.462Z,Santiago de Compostela,18.2,clear sky
2026-06-16T23:25:18.230Z,Santiago de Compostela,15.2,clear sky
2026-06-17T04:27:13.429Z,Santiago de Compostela,13.54,clear sky
2026-06-17T11:03:52.506Z,Santiago de Compostela,29.77,few clouds
2026-06-17T15:42:43.150Z,Santiago de Compostela,32.55,clear sky
2026-06-17T18:23:55.586Z,Santiago de Compostela,24.64,clear sky
2026-06-17T22:03:22.509Z,Santiago de Compostela,17.48,broken clouds
2026-06-18T04:20:18.206Z,Santiago de Compostela,16.83,scattered clouds
2026-06-18T10:26:06.228Z,Santiago de Compostela,29.77,scattered clouds
2026-06-18T15:33:50.010Z,Santiago de Compostela,26.31,few clouds
2026-06-18T18:27:44.008Z,Santiago de Compostela,22.97,few clouds
2026-06-18T22:14:37.851Z,Santiago de Compostela,16.58,clear sky
2026-06-19T04:48:02.278Z,Santiago de Compostela,10.75,scattered clouds
2026-06-19T10:43:21.700Z,Santiago de Compostela,26.54,clear sky
2026-06-19T15:27:54.500Z,Santiago de Compostela,25.75,overcast clouds
2026-06-19T18:00:54.742Z,Santiago de Compostela,23.53,overcast clouds
2026-06-19T21:12:22.382Z,Santiago de Compostela,19.37,broken clouds
2026-06-19T23:01:13.699Z,Santiago de Compostela,16.6,broken clouds
2026-06-20T04:03:00.453Z,Santiago de Compostela,14.09,broken clouds
2026-06-20T09:22:50.456Z,Santiago de Compostela,22.71,overcast clouds
2026-06-20T11:59:15.629Z,Santiago de Compostela,30.88,overcast clouds
2026-06-20T14:25:05.244Z,Santiago de Compostela,30.24,overcast clouds
2026-06-20T17:38:05.351Z,Santiago de Compostela,27.42,overcast clouds
2026-06-20T19:42:23.590Z,Santiago de Compostela,20.2,scattered clouds
2026-06-20T21:20:43.305Z,Santiago de Compostela,20.75,few clouds
2026-06-20T23:12:21.403Z,Santiago de Compostela,19.13,few clouds
2026-06-21T04:44:15.573Z,Santiago de Compostela,16.33,scattered clouds
2026-06-21T09:54:56.682Z,Santiago de Compostela,30.88,scattered clouds
2026-06-21T12:11:50.682Z,Santiago de Compostela,32.55,scattered clouds
2026-06-21T15:55:51.320Z,Santiago de Compostela,30.2,scattered clouds
2026-06-21T17:43:37.061Z,Santiago de Compostela,30.2,broken clouds
2026-06-21T19:48:06.361Z,Santiago de Compostela,21.31,broken clouds
2026-06-21T21:18:11.067Z,Santiago de Compostela,21.31,overcast clouds
2026-06-21T23:18:11.380Z,Santiago de Compostela,19.08,overcast clouds
2026-06-22T04:50:26.282Z,Santiago de Compostela,18.53,overcast clouds
2026-06-22T12:11:13.993Z,Santiago de Compostela,30.75,overcast clouds
2026-06-22T18:13:36.059Z,Santiago de Compostela,24.64,overcast clouds
2026-06-22T22:06:06.037Z,Santiago de Compostela,18.53,overcast clouds
2026-06-23T03:54:22.324Z,Santiago de Compostela,16.86,overcast clouds
2026-06-23T07:52:30.699Z,Santiago de Compostela,22.68,overcast clouds
2026-06-23T11:20:54.935Z,Santiago de Compostela,32.43,overcast clouds
2026-06-23T14:56:27.529Z,Santiago de Compostela,32.19,overcast clouds
2026-06-23T18:00:45.541Z,Santiago de Compostela,26.86,overcast clouds
2026-06-23T21:44:32.140Z,Santiago de Compostela,22.42,overcast clouds
2026-06-23T23:10:24.542Z,Santiago de Compostela,20.75,overcast clouds
2026-06-24T03:55:28.635Z,Santiago de Compostela,17.97,overcast clouds
2026-06-24T07:46:02.871Z,Santiago de Compostela,20.75,overcast clouds
2026-06-24T10:53:48.071Z,Santiago de Compostela,27.15,overcast clouds
2026-06-24T14:38:40.701Z,Santiago de Compostela,31.99,overcast clouds
2026-06-24T17:58:16.058Z,Santiago de Compostela,23.26,overcast clouds
2026-06-24T19:59:33.984Z,Santiago de Compostela,18.59,heavy intensity rain
2026-06-24T21:40:13.256Z,Santiago de Compostela,17.99,overcast clouds
2026-06-24T23:07:41.288Z,Santiago de Compostela,17.98,overcast clouds
2026-06-25T03:56:44.042Z,Santiago de Compostela,16.86,overcast clouds
2026-06-25T07:51:08.357Z,Santiago de Compostela,17.42,overcast clouds
2026-06-25T10:46:12.854Z,Santiago de Compostela,17.42,overcast clouds
2026-06-25T14:39:16.356Z,Santiago de Compostela,20.75,light rain
2026-06-25T18:12:39.231Z,Santiago de Compostela,20.75,broken clouds
2026-06-25T21:47:08.063Z,Santiago de Compostela,17.42,clear sky
2026-06-25T23:21:31.668Z,Santiago de Compostela,16.86,clear sky
2026-06-26T04:03:29.941Z,Santiago de Compostela,16.86,overcast clouds
2026-06-26T09:33:33.188Z,Santiago de Compostela,19.64,light rain
2026-06-26T12:13:19.200Z,Santiago de Compostela,21.31,broken clouds
2026-06-26T16:19:52.779Z,Santiago de Compostela,21.31,overcast clouds
2026-06-26T19:54:14.887Z,Santiago de Compostela,19.09,overcast clouds
2026-06-26T21:22:02.382Z,Santiago de Compostela,17.42,overcast clouds
2026-06-26T23:10:16.602Z,Santiago de Compostela,15.2,overcast clouds
2026-06-27T03:49:39.136Z,Santiago de Compostela,15.75,broken clouds
2026-06-27T06:55:35.148Z,Santiago de Compostela,16.9,broken clouds
2026-06-27T10:12:14.379Z,Santiago de Compostela,20.75,few clouds
2026-06-27T13:50:10.848Z,Santiago de Compostela,22.42,clear sky
2026-06-27T15:18:23.628Z,Santiago de Compostela,22.97,clear sky
2026-06-27T17:15:02.033Z,Santiago de Compostela,21.31,clear sky
2026-06-27T19:25:44.572Z,Santiago de Compostela,19.09,clear sky
2026-06-27T21:08:33.736Z,Santiago de Compostela,17.97,clear sky
2026-06-27T23:06:20.208Z,Santiago de Compostela,16.31,few clouds
2026-06-28T04:11:08.274Z,Santiago de Compostela,15.79,overcast clouds
2026-06-28T09:15:52.085Z,Santiago de Compostela,17.42,overcast clouds
2026-06-28T11:48:17.016Z,Santiago de Compostela,19.09,overcast clouds
2026-06-28T13:55:02.841Z,Santiago de Compostela,17.97,overcast clouds
2026-06-28T15:20:25.872Z,Santiago de Compostela,19.09,overcast clouds
2026-06-28T17:16:55.483Z,Santiago de Compostela,19.09,overcast clouds
2026-06-28T19:26:14.844Z,Santiago de Compostela,17.42,broken clouds
2026-06-28T21:06:00.017Z,Santiago de Compostela,16.31,broken clouds
2026-06-28T23:06:53.967Z,Santiago de Compostela,15.2,broken clouds
2026-06-29T04:18:00.580Z,Santiago de Compostela,11.86,few clouds
2026-06-29T11:07:05.306Z,Santiago de Compostela,26.44,scattered clouds
2026-06-29T15:53:03.894Z,Santiago de Compostela,28.64,scattered clouds
2026-06-29T18:10:35.409Z,Santiago de Compostela,22.97,scattered clouds
2026-06-29T21:37:38.843Z,Santiago de Compostela,16.86,clear sky
2026-06-29T23:01:03.749Z,Santiago de Compostela,16.31,few clouds
2026-06-30T03:58:41.121Z,Santiago de Compostela,15.2,broken clouds
2026-06-30T07:58:39.451Z,Santiago de Compostela,17.97,broken clouds
2026-06-30T11:16:14.903Z,Santiago de Compostela,26.99,scattered clouds
2026-06-30T14:26:10.064Z,Santiago de Compostela,28.05,scattered clouds
2026-06-30T17:59:35.560Z,Santiago de Compostela,20.53,scattered clouds
2026-06-30T20:11:12.534Z,Santiago de Compostela,18.53,broken clouds
2026-06-30T23:16:15.247Z,Santiago de Compostela,15.75,scattered clouds
2026-07-01T04:14:19.611Z,Santiago de Compostela,14.64,few clouds
2026-07-01T09:55:19.243Z,Santiago de Compostela,25.2,few clouds
2026-07-01T12:36:57.009Z,Santiago de Compostela,27.55,broken clouds
2026-07-01T16:28:39.203Z,Santiago de Compostela,27.55,few clouds
2026-07-01T20:00:42.352Z,Santiago de Compostela,20.2,clear sky
2026-07-01T23:18:54.770Z,Santiago de Compostela,16.86,clear sky
2026-07-02T03:54:38.612Z,Santiago de Compostela,16.31,few clouds
2026-07-02T07:35:21.392Z,Santiago de Compostela,18.53,clear sky
2026-07-02T10:43:56.055Z,Santiago de Compostela,27.55,clear sky
2026-07-02T14:09:58.665Z,Santiago de Compostela,28.66,clear sky
2026-07-02T17:52:11.204Z,Santiago de Compostela,27.51,clear sky
2026-07-02T19:35:31.143Z,Santiago de Compostela,25.22,clear sky
2026-07-02T21:11:46.713Z,Santiago de Compostela,21.31,clear sky
2026-07-02T23:10:56.545Z,Santiago de Compostela,17.42,clear sky
2026-07-03T03:36:51.840Z,Santiago de Compostela,13.53,clear sky
2026-07-03T07:24:19.548Z,Santiago de Compostela,18.53,clear sky
2026-07-03T10:39:46.003Z,Santiago de Compostela,28.66,clear sky
2026-07-03T14:14:39.706Z,Santiago de Compostela,33.26,clear sky
2026-07-03T17:35:56.246Z,Santiago de Compostela,30.53,clear sky
2026-07-03T19:34:24.479Z,Santiago de Compostela,27.43,clear sky
2026-07-03T21:10:52.800Z,Santiago de Compostela,22.97,clear sky
2026-07-03T23:07:37.663Z,Santiago de Compostela,19.64,clear sky
2026-07-04T03:30:05.679Z,Santiago de Compostela,15.2,clear sky
2026-07-04T06:49:17.314Z,Santiago de Compostela,18.53,clear sky
2026-07-04T10:14:26.122Z,Santiago de Compostela,29.77,clear sky
2026-07-04T13:40:49.707Z,Santiago de Compostela,32.07,clear sky
2026-07-04T15:08:06.982Z,Santiago de Compostela,35.75,clear sky
2026-07-04T17:09:20.055Z,Santiago de Compostela,35.82,clear sky
2026-07-04T19:19:11.285Z,Santiago de Compostela,28.6,clear sky
2026-07-04T21:01:18.987Z,Santiago de Compostela,26.32,clear sky
2026-07-04T23:00:08.423Z,Santiago de Compostela,21.86,clear sky
2026-07-05T03:47:38.346Z,Santiago de Compostela,16.31,clear sky
2026-07-05T07:30:01.362Z,Santiago de Compostela,22.15,clear sky
2026-07-05T10:18:31.399Z,Santiago de Compostela,30.31,clear sky
2026-07-05T13:47:42.417Z,Santiago de Compostela,35.2,clear sky
2026-07-05T15:15:44.261Z,Santiago de Compostela,35.75,clear sky
2026-07-05T17:16:01.203Z,Santiago de Compostela,35.2,clear sky
2026-07-05T19:23:12.367Z,Santiago de Compostela,29.64,scattered clouds
2026-07-05T21:05:47.249Z,Santiago de Compostela,24.09,broken clouds
2026-07-05T23:04:29.352Z,Santiago de Compostela,19.7,overcast clouds
2026-07-06T03:55:19.682Z,Santiago de Compostela,18.26,broken clouds
2026-07-06T08:24:48.353Z,Santiago de Compostela,23.32,broken clouds
2026-07-06T13:49:42.365Z,Santiago de Compostela,34.77,broken clouds
2026-07-06T16:52:45.046Z,Santiago de Compostela,34.22,scattered clouds
2026-07-06T20:02:16.927Z,Santiago de Compostela,21.6,clear sky
2026-07-06T23:11:12.347Z,Santiago de Compostela,15.75,clear sky
2026-07-07T03:45:49.243Z,Santiago de Compostela,15.2,few clouds
2026-07-07T07:42:22.909Z,Santiago de Compostela,15.75,broken clouds
2026-07-07T11:11:08.231Z,Santiago de Compostela,30.33,scattered clouds
2026-07-07T14:44:18.423Z,Santiago de Compostela,31.44,clear sky
2026-07-07T18:03:05.165Z,Santiago de Compostela,23.53,clear sky
2026-07-07T21:26:45.443Z,Santiago de Compostela,18.82,clear sky
2026-07-07T23:05:07.875Z,Santiago de Compostela,16.86,clear sky
2026-07-08T03:13:59.065Z,Santiago de Compostela,15.49,broken clouds
2026-07-08T06:30:53.281Z,Santiago de Compostela,16.04,scattered clouds
2026-07-08T10:21:40.171Z,Santiago de Compostela,29.22,few clouds
2026-07-08T14:22:26.083Z,Santiago de Compostela,31.44,clear sky
2026-07-08T17:40:12.493Z,Santiago de Compostela,25.75,scattered clouds
2026-07-08T19:37:36.159Z,Santiago de Compostela,21.86,overcast clouds
2026-07-08T21:11:00.003Z,Santiago de Compostela,19.09,overcast clouds
2026-07-08T23:10:54.846Z,Santiago de Compostela,16.31,broken clouds
2026-07-09T03:38:03.356Z,Santiago de Compostela,12.97,clear sky
2026-07-09T07:49:11.274Z,Santiago de Compostela,18.77,clear sky
2026-07-09T10:57:22.962Z,Santiago de Compostela,29.22,clear sky
2026-07-09T15:16:57.895Z,Santiago de Compostela,27.15,few clouds
2026-07-09T17:58:34.489Z,Santiago de Compostela,22.42,clear sky
2026-07-09T19:58:22.435Z,Santiago de Compostela,19.64,clear sky
2026-07-09T21:36:50.535Z,Santiago de Compostela,16.86,clear sky
2026-07-09T23:14:38.456Z,Santiago de Compostela,16.31,clear sky
2026-07-10T03:39:40.758Z,Santiago de Compostela,15.24,few clouds
2026-07-10T07:38:35.134Z,Santiago de Compostela,16.31,scattered clouds
2026-07-10T10:57:40.244Z,Santiago de Compostela,28.66,few clouds
2026-07-10T14:34:51.830Z,Santiago de Compostela,29.22,clear sky
2026-07-10T17:49:23.999Z,Santiago de Compostela,23.52,clear sky
2026-07-10T19:37:25.016Z,Santiago de Compostela,21.6,clear sky
2026-07-10T21:08:37.848Z,Santiago de Compostela,18.53,clear sky
2026-07-10T23:00:46.580Z,Santiago de Compostela,16.31,clear sky
2026-07-11T02:54:09.524Z,Santiago de Compostela,14.09,scattered clouds
2026-07-11T06:16:57.652Z,Santiago de Compostela,16.3,broken clouds
2026-07-11T09:40:38.381Z,Santiago de Compostela,28.1,overcast clouds
2026-07-11T11:08:29.170Z,Santiago de Compostela,27.28,overcast clouds
2026-07-11T13:26:48.490Z,Santiago de Compostela,29.68,few clouds
2026-07-11T14:57:21.530Z,Santiago de Compostela,25.57,broken clouds
2026-07-11T17:01:06.144Z,Santiago de Compostela,22.97,heavy intensity rain
2026-07-11T19:09:13.434Z,Santiago de Compostela,16.86,moderate rain
2026-07-11T20:53:56.277Z,Santiago de Compostela,16.86,overcast clouds
2026-07-11T22:53:41.506Z,Santiago de Compostela,16.31,overcast clouds
2026-07-12T03:19:17.879Z,Santiago de Compostela,16.31,scattered clouds
2026-07-12T06:36:46.866Z,Santiago de Compostela,15.76,overcast clouds
2026-07-12T09:53:08.901Z,Santiago de Compostela,20.49,broken clouds
2026-07-12T11:13:08.020Z,Santiago de Compostela,22.15,broken clouds
2026-07-12T13:28:04.333Z,Santiago de Compostela,22.71,scattered clouds
2026-07-12T14:59:42.764Z,Santiago de Compostela,21.86,scattered clouds
2026-07-12T17:02:01.816Z,Santiago de Compostela,21.31,scattered clouds
2026-07-12T19:09:43.731Z,Santiago de Compostela,19.64,clear sky
2026-07-12T20:54:09.450Z,Santiago de Compostela,17.85,clear sky
2026-07-12T22:53:50.552Z,Santiago de Compostela,16.04,few clouds
2026-07-13T03:22:06.198Z,Santiago de Compostela,12.97,few clouds
2026-07-13T06:57:29.361Z,Santiago de Compostela,16.35,clear sky
2026-07-13T11:15:15.641Z,Santiago de Compostela,19.85,few clouds
2026-07-13T14:41:37.742Z,Santiago de Compostela,21.33,broken clouds
2026-07-13T17:57:03.044Z,Santiago de Compostela,19.09,broken clouds
2026-07-13T19:39:50.756Z,Santiago de Compostela,18.53,overcast clouds
2026-07-13T20:59:21.914Z,Santiago de Compostela,17.42,overcast clouds
2026-07-13T22:57:32.380Z,Santiago de Compostela,16.31,overcast clouds
2026-07-14T02:46:13.500Z,Santiago de Compostela,13.53,overcast clouds
2026-07-14T06:13:13.667Z,Santiago de Compostela,13.82,overcast clouds
2026-07-14T10:01:23.680Z,Santiago de Compostela,21.04,overcast clouds
2026-07-14T13:51:48.954Z,Santiago de Compostela,25.75,broken clouds
2026-07-14T15:24:51.466Z,Santiago de Compostela,24.09,broken clouds
2026-07-14T17:17:36.502Z,Santiago de Compostela,22.97,scattered clouds
2026-07-14T19:24:13.344Z,Santiago de Compostela,20.2,light rain
2026-07-14T21:02:46.602Z,Santiago de Compostela,18.53,broken clouds
2026-07-14T22:58:39.909Z,Santiago de Compostela,16.86,broken clouds
2026-07-15T02:44:47.161Z,Santiago de Compostela,12.42,few clouds
2026-07-15T06:17:50.440Z,Santiago de Compostela,11.31,few clouds
2026-07-15T10:05:36.986Z,Santiago de Compostela,23.26,broken clouds
2026-07-15T13:49:47.405Z,Santiago de Compostela,26.32,overcast clouds
2026-07-15T15:27:06.550Z,Santiago de Compostela,26.28,overcast clouds
2026-07-15T17:20:14.036Z,Santiago de Compostela,24.11,overcast clouds
2026-07-15T19:16:20.883Z,Santiago de Compostela,21.9,overcast clouds
2026-07-15T21:03:06.589Z,Santiago de Compostela,18.37,scattered clouds
2026-07-15T22:59:30.691Z,Santiago de Compostela,16.86,few clouds
2026-07-16T02:51:14.070Z,Santiago de Compostela,12.97,few clouds
2026-07-16T06:21:38.803Z,Santiago de Compostela,11.86,scattered clouds
2026-07-16T10:11:49.991Z,Santiago de Compostela,22.45,broken clouds
2026-07-16T14:00:50.361Z,Santiago de Compostela,22.97,broken clouds
2026-07-16T17:21:20.082Z,Santiago de Compostela,22.42,scattered clouds
2026-07-16T19:17:05.731Z,Santiago de Compostela,21.31,scattered clouds
2026-07-16T21:04:11.533Z,Santiago de Compostela,17.16,scattered clouds
2026-07-16T22:59:42.931Z,Santiago de Compostela,17.97,scattered clouds
2026-07-17T02:53:29.156Z,Santiago de Compostela,13.53,few clouds
2026-07-17T06:19:36.220Z,Santiago de Compostela,13.53,few clouds
2026-07-17T10:01:14.783Z,Santiago de Compostela,26.44,scattered clouds
2026-07-17T13:45:31.204Z,Santiago de Compostela,24.66,broken clouds
2026-07-17T15:15:57.590Z,Santiago de Compostela,24.72,broken clouds
2026-07-17T17:15:30.693Z,Santiago de Compostela,23.54,broken clouds
2026-07-17T19:15:14.506Z,Santiago de Compostela,20.75,scattered clouds
2026-07-17T20:59:16.000Z,Santiago de Compostela,19.09,scattered clouds
2026-07-17T22:52:44.170Z,Santiago de Compostela,17.97,scattered clouds
2026-07-18T02:46:13.205Z,Santiago de Compostela,14.09,broken clouds
2026-07-18T06:07:39.356Z,Santiago de Compostela,12.42,overcast clouds
2026-07-18T09:36:36.396Z,Santiago de Compostela,21.31,broken clouds
2026-07-18T11:06:44.071Z,Santiago de Compostela,22.42,broken clouds
2026-07-18T13:22:48.689Z,Santiago de Compostela,28.1,clear sky
2026-07-18T14:56:59.104Z,Santiago de Compostela,27.19,scattered clouds
2026-07-18T17:02:05.641Z,Santiago de Compostela,24.7,scattered clouds
2026-07-18T19:09:47.882Z,Santiago de Compostela,23.59,clear sky
2026-07-18T20:53:57.257Z,Santiago de Compostela,20.75,clear sky
2026-07-18T22:53:26.953Z,Santiago de Compostela,18.53,clear sky
2026-07-19T03:16:07.108Z,Santiago de Compostela,15.75,scattered clouds
2026-07-19T06:32:46.633Z,Santiago de Compostela,15.28,scattered clouds
2026-07-19T09:54:12.371Z,Santiago de Compostela,26.99,broken clouds
2026-07-19T11:10:54.445Z,Santiago de Compostela,26.99,scattered clouds
2026-07-19T13:24:21.403Z,Santiago de Compostela,28.1,broken clouds
2026-07-19T14:59:21.844Z,Santiago de Compostela,27.19,broken clouds
2026-07-19T17:00:52.419Z,Santiago de Compostela,25.75,broken clouds
2026-07-19T19:10:44.770Z,Santiago de Compostela,24.1,few clouds
2026-07-19T20:54:24.993Z,Santiago de Compostela,19.83,clear sky
2026-07-19T22:55:50.856Z,Santiago de Compostela,17.97,clear sky
2026-07-20T03:29:57.189Z,Santiago de Compostela,15.26,few clouds
2026-07-20T06:50:25.466Z,Santiago de Compostela,16.31,scattered clouds
2026-07-20T10:55:21.279Z,Santiago de Compostela,26.99,scattered clouds
2026-07-20T14:14:40.739Z,Santiago de Compostela,27.47,broken clouds
2026-07-20T18:07:01.172Z,Santiago de Compostela,23.01,broken clouds
2026-07-20T21:14:09.641Z,Santiago de Compostela,17.66,few clouds
2026-07-20T23:03:03.927Z,Santiago de Compostela,15.69,few clouds
2026-07-21T02:56:25.251Z,Santiago de Compostela,13.6,few clouds
2026-07-21T06:31:41.874Z,Santiago de Compostela,17.71,clear sky
2026-07-21T10:27:12.223Z,Santiago de Compostela,24.09,clear sky
2026-07-21T14:00:13.276Z,Santiago de Compostela,29.09,scattered clouds
2026-07-21T15:49:22.272Z,Santiago de Compostela,28.53,broken clouds
2026-07-21T17:24:33.250Z,Santiago de Compostela,26.31,broken clouds
2026-07-21T19:36:22.824Z,Santiago de Compostela,24.09,overcast clouds
2026-07-21T21:14:00.900Z,Santiago de Compostela,20.49,overcast clouds
2026-07-21T23:00:10.179Z,Santiago de Compostela,18.82,broken clouds
2026-07-22T02:54:17.584Z,Santiago de Compostela,15.2,clear sky
2026-07-22T06:31:26.656Z,Santiago de Compostela,14.09,overcast clouds
2026-07-22T10:28:20.637Z,Santiago de Compostela,24.37,overcast clouds
2026-07-22T14:02:52.041Z,Santiago de Compostela,26.86,overcast clouds
2026-07-22T17:23:49.186Z,Santiago de Compostela,25.75,overcast clouds
2026-07-22T19:25:12.880Z,Santiago de Compostela,22.46,scattered clouds
2026-07-22T21:12:37.324Z,Santiago de Compostela,16.93,few clouds
2026-07-22T23:07:50.507Z,Santiago de Compostela,14.58,few clouds
2026-07-23T03:15:56.669Z,Santiago de Compostela,15.75,few clouds
2026-07-23T06:32:41.847Z,Santiago de Compostela,16.86,scattered clouds
2026-07-23T10:25:33.424Z,Santiago de Compostela,21.31,few clouds
2026-07-23T14:09:04.634Z,Santiago de Compostela,24.64,overcast clouds
2026-07-23T17:25:20.811Z,Santiago de Compostela,23.5,overcast clouds
2026-07-23T19:23:01.944Z,Santiago de Compostela,21.3,overcast clouds
2026-07-23T21:06:59.894Z,Santiago de Compostela,16.72,overcast clouds
2026-07-23T22:58:50.191Z,Santiago de Compostela,15.49,broken clouds
2026-07-24T02:55:03.938Z,Santiago de Compostela,13.55,few clouds
2026-07-24T06:28:26.224Z,Santiago de Compostela,14.09,scattered clouds
2026-07-24T10:21:43.306Z,Santiago de Compostela,17.97,overcast clouds
2026-07-24T13:51:07.142Z,Santiago de Compostela,22.44,overcast clouds
2026-07-24T15:26:27.267Z,Santiago de Compostela,21.9,overcast clouds
2026-07-24T17:40:13.480Z,Santiago de Compostela,21.31,overcast clouds
2026-07-24T19:34:00.016Z,Santiago de Compostela,20.2,scattered clouds
2026-07-24T21:06:39.155Z,Santiago de Compostela,16.11,scattered clouds
2026-07-24T23:03:51.995Z,Santiago de Compostela,15.2,scattered clouds
2026-07-25T02:54:15.552Z,Santiago de Compostela,12.97,few clouds
2026-07-25T06:20:11.400Z,Santiago de Compostela,13.05,few clouds
2026-07-25T09:51:39.074Z,Santiago de Compostela,20.2,few clouds
2026-07-25T11:13:29.438Z,Santiago de Compostela,22.42,few clouds
2026-07-25T13:41:43.600Z,Santiago de Compostela,23.53,clear sky
2026-07-25T15:05:33.487Z,Santiago de Compostela,23.57,clear sky
2026-07-25T17:02:22.550Z,Santiago de Compostela,24.37,clear sky
2026-07-25T19:12:19.206Z,Santiago de Compostela,19.64,clear sky
2026-07-25T20:56:04.073Z,Santiago de Compostela,17.71,clear sky
2026-07-25T22:57:22.385Z,Santiago de Compostela,13.53,few clouds
2026-07-26T03:20:25.349Z,Santiago de Compostela,10.2,broken clouds
2026-07-26T06:39:45.820Z,Santiago de Compostela,12.15,scattered clouds
2026-07-26T10:02:43.514Z,Santiago de Compostela,20.2,few clouds
2026-07-26T13:36:20.676Z,Santiago de Compostela,24.64,clear sky
2026-07-26T15:08:36.677Z,Santiago de Compostela,27.19,clear sky
2026-07-26T17:05:32.481Z,Santiago de Compostela,24.64,clear sky
2026-07-26T19:16:25.689Z,Santiago de Compostela,22.48,clear sky
2026-07-26T21:01:40.726Z,Santiago de Compostela,18.53,clear sky
2026-07-26T23:01:50.178Z,Santiago de Compostela,18.53,few clouds
2026-07-27T03:30:25.814Z,Santiago de Compostela,17.97,broken clouds
2026-07-27T07:35:59.925Z,Santiago de Compostela,18.52,broken clouds
2026-07-27T11:27:47.000Z,Santiago de Compostela,27.99,few clouds
2026-07-27T14:42:51.022Z,Santiago de Compostela,34.37,clear sky
2026-07-27T17:44:50.243Z,Santiago de Compostela,33.82,clear sky
2026-07-27T19:39:11.712Z,Santiago de Compostela,24.64,clear sky
2026-07-27T21:14:01.599Z,Santiago de Compostela,23.82,clear sky
2026-07-27T23:05:19.536Z,Santiago de Compostela,21.04,clear sky
2026-07-28T02:46:49.887Z,Santiago de Compostela,17.15,clear sky
2026-07-28T06:29:13.081Z,Santiago de Compostela,16.04,clear sky
2026-07-28T10:38:35.537Z,Santiago de Compostela,29.35,clear sky
2026-07-28T14:15:22.938Z,Santiago de Compostela,26.31,clear sky
2026-07-28T17:37:49.637Z,Santiago de Compostela,29.93,clear sky
2026-07-28T19:37:30.099Z,Santiago de Compostela,20.03,clear sky
2026-07-28T21:11:05.117Z,Santiago de Compostela,18.82,clear sky
2026-07-28T23:02:39.972Z,Santiago de Compostela,15.49,clear sky
2026-07-29T02:53:36.375Z,Santiago de Compostela,15.49,clear sky
2026-07-29T06:34:06.984Z,Santiago de Compostela,16.04,clear sky
2026-07-29T10:41:41.615Z,Santiago de Compostela,22.53,clear sky
2026-07-29T14:17:59.741Z,Santiago de Compostela,27.15,clear sky
2026-07-29T17:17:44.705Z,Santiago de Compostela,24.37,clear sky
2026-07-29T19:21:06.156Z,Santiago de Compostela,22.15,overcast clouds
2026-07-29T20:59:20.056Z,Santiago de Compostela,16.11,scattered clouds
2026-07-29T23:00:14.719Z,Santiago de Compostela,16.04,few clouds
2026-07-30T02:38:44.279Z,Santiago de Compostela,15.49,few clouds
2026-07-30T06:30:56.726Z,Santiago de Compostela,15.49,overcast clouds
2026-07-30T10:27:39.477Z,Santiago de Compostela,21.6,overcast clouds
2026-07-30T14:09:22.750Z,Santiago de Compostela,25.49,overcast clouds
2026-07-30T17:38:05.696Z,Santiago de Compostela,22.15,overcast clouds
2026-07-30T19:37:37.989Z,Santiago de Compostela,21.6,overcast clouds
2026-07-30T21:14:02.030Z,Santiago de Compostela,19.3,overcast clouds
2026-07-30T23:10:44.691Z,Santiago de Compostela,18.11,broken clouds
2026-07-31T03:20:19.745Z,Santiago de Compostela,17.42,broken clouds
2026-07-31T06:47:22.167Z,Santiago de Compostela,17.71,scattered clouds
2026-07-31T10:42:02.584Z,Santiago de Compostela,22.15,broken clouds
2026-07-31T14:15:10.401Z,Santiago de Compostela,24.22,broken clouds
2026-07-31T17:41:52.139Z,Santiago de Compostela,26.04,broken clouds
2026-07-31T19:38:48.992Z,Santiago de Compostela,20.97,scattered clouds
2026-07-31T21:09:03.421Z,Santiago de Compostela,19.68,scattered clouds
2026-07-31T23:04:26.287Z,Santiago de Compostela,18.82,scattered clouds
2026-08-01T03:18:28.584Z,Santiago de Compostela,14.37,overcast clouds
2026-08-01T06:32:01.582Z,Santiago de Compostela,13.82,broken clouds
2026-08-01T10:01:58.056Z,Santiago de Compostela,23.82,overcast clouds
2026-08-01T13:34:28.726Z,Santiago de Compostela,29.77,overcast clouds
2026-08-01T15:02:37.263Z,Santiago de Compostela,30.33,overcast clouds
2026-08-01T17:03:35.749Z,Santiago de Compostela,27.97,broken clouds
2026-08-01T19:13:03.831Z,Santiago de Compostela,24.09,clear sky
2026-08-01T20:56:59.650Z,Santiago de Compostela,19.08,few clouds
2026-08-01T22:57:13.882Z,Santiago de Compostela,16.86,few clouds
2026-08-02T03:18:49.980Z,Santiago de Compostela,14.64,broken clouds
2026-08-02T06:35:53.412Z,Santiago de Compostela,16.31,overcast clouds
2026-08-02T10:00:09.873Z,Santiago de Compostela,22.74,scattered clouds
2026-08-02T11:24:14.352Z,Santiago de Compostela,26.31,scattered clouds
2026-08-02T13:35:09.963Z,Santiago de Compostela,26.31,overcast clouds
2026-08-02T15:04:54.028Z,Santiago de Compostela,26.86,overcast clouds
2026-08-02T17:03:23.969Z,Santiago de Compostela,23.26,overcast clouds
2026-08-02T19:15:16.264Z,Santiago de Compostela,21.6,overcast clouds
2026-08-02T20:58:53.680Z,Santiago de Compostela,18.26,overcast clouds
2026-08-02T22:58:18.620Z,Santiago de Compostela,17.15,overcast clouds
2026-08-03T03:20:33.352Z,Santiago de Compostela,14.93,overcast clouds
2026-08-03T07:30:50.922Z,Santiago de Compostela,17.15,few clouds
2026-08-03T11:28:37.939Z,Santiago de Compostela,24.37,few clouds
2026-08-03T14:46:28.056Z,Santiago de Compostela,24.37,broken clouds
2026-08-03T17:53:54.320Z,Santiago de Compostela,22.71,overcast clouds
2026-08-03T19:41:27.691Z,Santiago de Compostela,19.93,overcast clouds
2026-08-03T21:06:32.268Z,Santiago de Compostela,19.37,overcast clouds
2026-08-03T23:04:19.028Z,Santiago de Compostela,19.37,overcast clouds
2026-08-04T02:49:48.661Z,Santiago de Compostela,17.71,overcast clouds
2026-08-04T06:29:55.778Z,Santiago de Compostela,18.26,overcast clouds
2026-08-04T10:42:12.185Z,Santiago de Compostela,20.49,light rain
2026-08-04T14:22:52.524Z,Santiago de Compostela,23.53,scattered clouds
2026-08-04T17:51:07.731Z,Santiago de Compostela,23.26,broken clouds
2026-08-04T19:41:09.072Z,Santiago de Compostela,20.49,few clouds
2026-08-04T21:14:32.772Z,Santiago de Compostela,18.26,few clouds
2026-08-04T23:05:44.134Z,Santiago de Compostela,16.04,few clouds
2026-08-05T02:46:59.107Z,Santiago de Compostela,13.82,few clouds
2026-08-05T06:30:56.861Z,Santiago de Compostela,14.37,scattered clouds
2026-08-05T10:38:59.199Z,Santiago de Compostela,23.24,few clouds
2026-08-05T14:16:08.467Z,Santiago de Compostela,28.66,clear sky
2026-08-05T17:42:38.433Z,Santiago de Compostela,25.49,clear sky
2026-08-05T19:39:50.344Z,Santiago de Compostela,23.34,clear sky
2026-08-05T21:13:48.418Z,Santiago de Compostela,20.11,clear sky
2026-08-05T23:03:03.638Z,Santiago de Compostela,17.15,clear sky
2026-08-06T02:49:47.229Z,Santiago de Compostela,13.82,few clouds
2026-08-06T06:34:03.736Z,Santiago de Compostela,12.71,few clouds
2026-08-06T10:42:27.592Z,Santiago de Compostela,27.14,clear sky
2026-08-06T14:20:08.111Z,Santiago de Compostela,29.37,clear sky
2026-08-07T00:04:48.972Z,Santiago de Compostela,16.6,clear sky
2026-08-07T04:27:30.372Z,Santiago de Compostela,14.93,clear sky
2026-08-07T07:20:37.446Z,Santiago de Compostela,17.71,clear sky
2026-08-07T09:02:36.106Z,Santiago de Compostela,23.47,clear sky
2026-08-07T10:55:20.849Z,Santiago de Compostela,29.22,clear sky
2026-08-07T13:10:42.497Z,Santiago de Compostela,29.77,overcast clouds
2026-08-07T14:55:34.964Z,Santiago de Compostela,29.77,overcast clouds
2026-08-07T16:56:13.226Z,Santiago de Compostela,26.04,overcast clouds
2026-08-07T19:01:13.436Z,Santiago de Compostela,23.26,overcast clouds
2026-08-07T20:44:28.232Z,Santiago de Compostela,20.77,overcast clouds
2026-08-07T22:39:21.322Z,Santiago de Compostela,16.31,overcast clouds
2026-08-08T01:51:03.542Z,Santiago de Compostela,14.09,overcast clouds
2026-08-08T03:35:54.026Z,Santiago de Compostela,13.53,scattered clouds
2026-08-08T04:59:54.641Z,Santiago de Compostela,12.97,scattered clouds
2026-08-08T06:58:44.437Z,Santiago de Compostela,15.75,overcast clouds
2026-08-08T08:45:58.479Z,Santiago de Compostela,21.86,broken clouds
2026-08-08T10:36:57.650Z,Santiago de Compostela,27.47,broken clouds
2026-08-08T12:54:27.488Z,Santiago de Compostela,29.15,clear sky
2026-08-08T14:34:12.608Z,Santiago de Compostela,28.86,clear sky
2026-08-08T16:36:41.631Z,Santiago de Compostela,26.28,clear sky
2026-08-08T18:41:12.228Z,Santiago de Compostela,22.42,scattered clouds
2026-08-08T20:33:25.301Z,Santiago de Compostela,19.64,clear sky
2026-08-08T22:32:13.794Z,Santiago de Compostela,16.86,scattered clouds
2026-08-09T01:58:20.127Z,Santiago de Compostela,16.86,overcast clouds
2026-08-09T03:49:00.167Z,Santiago de Compostela,16.86,overcast clouds
2026-08-09T05:08:45.135Z,Santiago de Compostela,16.86,overcast clouds
2026-08-09T07:00:50.425Z,Santiago de Compostela,17.42,overcast clouds
2026-08-09T08:47:07.241Z,Santiago de Compostela,21.86,overcast clouds
2026-08-09T10:37:31.021Z,Santiago de Compostela,22.71,overcast clouds
2026-08-09T12:57:06.017Z,Santiago de Compostela,28.1,scattered clouds
2026-08-09T14:37:36.871Z,Santiago de Compostela,27.48,broken clouds
2026-08-09T16:38:28.250Z,Santiago de Compostela,26.3,scattered clouds
2026-08-09T18:45:33.839Z,Santiago de Compostela,24.61,few clouds
2026-08-09T20:35:56.031Z,Santiago de Compostela,19.64,clear sky
2026-08-09T22:34:08.250Z,Santiago de Compostela,18.59,clear sky
2026-08-10T02:03:02.798Z,Santiago de Compostela,15.75,few clouds
2026-08-10T05:35:56.595Z,Santiago de Compostela,12.97,few clouds
2026-08-10T07:46:51.659Z,Santiago de Compostela,19.64,few clouds
2026-08-10T09:25:35.365Z,Santiago de Compostela,22.42,few clouds
2026-08-10T11:10:44.637Z,Santiago de Compostela,28.66,clear sky
2026-08-10T13:15:13.704Z,Santiago de Compostela,29.7,clear sky
2026-08-10T15:00:53.348Z,Santiago de Compostela,31.09,clear sky
2026-08-10T16:56:10.928Z,Santiago de Compostela,27.97,clear sky
2026-08-10T19:01:04.638Z,Santiago de Compostela,24.66,clear sky
2026-08-10T20:45:47.871Z,Santiago de Compostela,21.63,clear sky
2026-08-10T22:40:26.101Z,Santiago de Compostela,17.97,clear sky
2026-08-11T01:58:05.610Z,Santiago de Compostela,15.2,scattered clouds
2026-08-11T03:50:49.590Z,Santiago de Compostela,14.09,scattered clouds
2026-08-11T05:12:31.435Z,Santiago de Compostela,14.64,scattered clouds
2026-08-11T07:12:41.546Z,Santiago de Compostela,16.81,clear sky
2026-08-11T09:01:03.885Z,Santiago de Compostela,22.97,clear sky
2026-08-11T10:51:52.287Z,Santiago de Compostela,29.22,clear sky
2026-08-11T13:12:02.713Z,Santiago de Compostela,30.75,clear sky
2026-08-11T15:00:52.168Z,Santiago de Compostela,32.76,clear sky
2026-08-11T16:59:32.558Z,Santiago de Compostela,30.2,few clouds
2026-08-11T19:05:10.000Z,Santiago de Compostela,24.2,few clouds
2026-08-11T20:49:54.033Z,Santiago de Compostela,20.2,few clouds
2026-08-11T22:47:16.620Z,Santiago de Compostela,17.42,few clouds
2026-08-12T02:10:48.835Z,Santiago de Compostela,15.77,scattered clouds
2026-08-12T05:39:12.471Z,Santiago de Compostela,18.5,scattered clouds
2026-08-12T07:37:01.201Z,Santiago de Compostela,19.64,clear sky
2026-08-12T09:14:29.966Z,Santiago de Compostela,23.53,broken clouds
2026-08-12T11:01:38.704Z,Santiago de Compostela,29.22,few clouds
2026-08-12T13:16:17.843Z,Santiago de Compostela,31.31,clear sky
2026-08-12T15:00:05.169Z,Santiago de Compostela,31.87,clear sky
2026-08-12T16:58:34.499Z,Santiago de Compostela,31.87,clear sky
2026-08-12T19:04:40.250Z,Santiago de Compostela,26.31,clear sky
2026-08-12T20:49:52.659Z,Santiago de Compostela,21.19,clear sky
2026-08-12T22:43:38.158Z,Santiago de Compostela,19.68,clear sky
2026-08-13T02:13:10.345Z,Santiago de Compostela,19.37,scattered clouds
2026-08-13T05:41:49.884Z,Santiago de Compostela,19.37,scattered clouds
2026-08-13T07:38:51.295Z,Santiago de Compostela,19.68,scattered clouds
2026-08-13T09:15:37.075Z,Santiago de Compostela,20.73,scattered clouds
2026-08-13T11:01:59.746Z,Santiago de Compostela,29.22,few clouds
2026-08-13T13:18:37.484Z,Santiago de Compostela,30.33,clear sky
2026-08-13T15:00:17.416Z,Santiago de Compostela,31.96,clear sky
2026-08-13T16:58:17.757Z,Santiago de Compostela,29.62,clear sky
2026-08-13T19:05:41.566Z,Santiago de Compostela,23.03,clear sky
2026-08-13T20:47:59.208Z,Santiago de Compostela,21.49,clear sky
2026-08-13T22:45:34.451Z,Santiago de Compostela,20.2,few clouds
2026-08-14T02:10:59.210Z,Santiago de Compostela,20.75,overcast clouds
2026-08-14T05:39:35.720Z,Santiago de Compostela,20.75,overcast clouds
2026-08-14T07:36:27.214Z,Santiago de Compostela,20.74,overcast clouds
2026-08-14T09:10:10.930Z,Santiago de Compostela,24.09,overcast clouds
2026-08-14T10:59:14.197Z,Santiago de Compostela,29.22,overcast clouds
2026-08-14T13:13:15.075Z,Santiago de Compostela,29.77,overcast clouds
2026-08-14T14:54:08.817Z,Santiago de Compostela,25.2,overcast clouds
2026-08-14T16:56:46.803Z,Santiago de Compostela,24.25,overcast clouds
2026-08-14T18:58:29.980Z,Santiago de Compostela,22.55,overcast clouds
2026-08-14T20:33:53.556Z,Santiago de Compostela,21.18,overcast clouds
2026-08-14T22:26:18.029Z,Santiago de Compostela,19.37,broken clouds
2026-08-15T01:23:42.775Z,Santiago de Compostela,19.38,broken clouds
2026-08-15T02:54:10.625Z,Santiago de Compostela,19.38,broken clouds
2026-08-15T04:34:15.784Z,Santiago de Compostela,19.08,broken clouds
2026-08-15T06:42:01.503Z,Santiago de Compostela,19.99,scattered clouds
2026-08-15T08:32:25.072Z,Santiago de Compostela,21.99,scattered clouds
2026-08-15T10:25:36.730Z,Santiago de Compostela,22.86,scattered clouds
2026-08-15T12:42:35.042Z,Santiago de Compostela,24.09,few clouds
2026-08-15T14:25:29.224Z,Santiago de Compostela,24.64,scattered clouds
2026-08-15T16:27:52.645Z,Santiago de Compostela,23.96,few clouds
2026-08-15T18:33:25.831Z,Santiago de Compostela,21.8,broken clouds
2026-08-15T20:25:41.453Z,Santiago de Compostela,19.37,broken clouds
2026-08-15T22:25:13.299Z,Santiago de Compostela,19.37,overcast clouds
2026-08-16T01:35:10.655Z,Santiago de Compostela,19.37,overcast clouds
2026-08-16T03:02:23.684Z,Santiago de Compostela,18.31,overcast clouds
2026-08-16T04:38:39.915Z,Santiago de Compostela,17.09,broken clouds
2026-08-16T06:44:10.434Z,Santiago de Compostela,16.95,few clouds
2026-08-16T08:33:11.554Z,Santiago de Compostela,22.74,clear sky
2026-08-16T10:26:10.242Z,Santiago de Compostela,25.75,clear sky
2026-08-16T12:44:38.681Z,Santiago de Compostela,29.7,clear sky
2026-08-16T14:25:55.856Z,Santiago de Compostela,30.33,clear sky
2026-08-16T16:28:44.403Z,Santiago de Compostela,28.06,clear sky
2026-08-16T18:32:54.259Z,Santiago de Compostela,24.72,clear sky
2026-08-16T20:25:37.749Z,Santiago de Compostela,20.55,clear sky
2026-08-16T22:24:13.096Z,Santiago de Compostela,18.74,clear sky
2026-08-17T01:26:17.932Z,Santiago de Compostela,17.36,scattered clouds
2026-08-17T03:02:28.047Z,Santiago de Compostela,15.99,scattered clouds
2026-08-17T04:45:20.216Z,Santiago de Compostela,15.68,scattered clouds
2026-08-17T07:01:09.001Z,Santiago de Compostela,17.24,scattered clouds
2026-08-17T08:46:38.715Z,Santiago de Compostela,22.41,few clouds
2026-08-17T10:34:35.394Z,Santiago de Compostela,25.62,few clouds
2026-08-17T12:49:45.765Z,Santiago de Compostela,29.73,few clouds
2026-08-17T14:30:25.950Z,Santiago de Compostela,31.86,broken clouds
2026-08-17T16:30:41.999Z,Santiago de Compostela,30.33,broken clouds
2026-08-17T18:43:03.818Z,Santiago de Compostela,25.43,broken clouds
2026-08-17T20:29:56.199Z,Santiago de Compostela,20.75,scattered clouds
2026-08-17T22:27:20.610Z,Santiago de Compostela,19.8,scattered clouds
2026-08-18T01:23:00.996Z,Santiago de Compostela,17.05,few clouds
2026-08-18T02:57:54.978Z,Santiago de Compostela,16.33,scattered clouds
2026-08-18T04:37:56.936Z,Santiago de Compostela,16.16,scattered clouds
2026-08-18T06:48:48.130Z,Santiago de Compostela,15.72,few clouds
2026-08-18T08:40:07.926Z,Santiago de Compostela,21.99,few clouds
2026-08-18T10:31:11.888Z,Santiago de Compostela,27.97,clear sky
2026-08-18T12:51:50.477Z,Santiago de Compostela,30.73,clear sky
2026-08-18T14:36:16.190Z,Santiago de Compostela,34.64,clear sky
2026-08-18T16:34:34.929Z,Santiago de Compostela,31.96,clear sky
2026-08-18T18:41:33.700Z,Santiago de Compostela,29.73,clear sky
2026-08-18T20:27:19.956Z,Santiago de Compostela,25.73,clear sky
2026-08-18T22:26:38.683Z,Santiago de Compostela,19.09,clear sky
2026-08-19T01:24:38.880Z,Santiago de Compostela,17.05,clear sky
2026-08-19T02:59:53.504Z,Santiago de Compostela,15.87,clear sky
2026-08-19T04:39:54.327Z,Santiago de Compostela,15.76,few clouds
2026-08-19T06:49:19.120Z,Santiago de Compostela,16.19,broken clouds
2026-08-19T08:40:27.561Z,Santiago de Compostela,17.73,scattered clouds
2026-08-19T10:31:53.379Z,Santiago de Compostela,24.64,few clouds
2026-08-19T12:52:46.095Z,Santiago de Compostela,27.97,clear sky
2026-08-19T14:36:41.986Z,Santiago de Compostela,29.63,few clouds
2026-08-19T16:34:43.370Z,Santiago de Compostela,27.36,broken clouds
2026-08-19T18:39:06.103Z,Santiago de Compostela,22.24,overcast clouds
2026-08-19T20:31:21.277Z,Santiago de Compostela,20.43,overcast clouds
2026-08-19T22:27:23.773Z,Santiago de Compostela,19.09,overcast clouds
2026-08-20T01:24:02.734Z,Santiago de Compostela,19.09,overcast clouds
2026-08-20T02:59:19.410Z,Santiago de Compostela,17.99,overcast clouds
2026-08-20T04:39:39.790Z,Santiago de Compostela,17.26,overcast clouds
2026-08-20T06:51:19.511Z,Santiago de Compostela,15.44,overcast clouds
2026-08-20T08:41:19.391Z,Santiago de Compostela,16.49,overcast clouds
2026-08-20T10:33:35.716Z,Santiago de Compostela,17.86,overcast clouds
2026-08-20T12:54:41.600Z,Santiago de Compostela,21.86,overcast clouds
2026-08-20T14:39:15.968Z,Santiago de Compostela,21.73,broken clouds
2026-08-20T16:37:57.884Z,Santiago de Compostela,24.24,scattered clouds
2026-08-20T18:43:24.425Z,Santiago de Compostela,20.11,clear sky
2026-08-20T20:31:28.936Z,Santiago de Compostela,17.55,clear sky
2026-08-20T22:30:26.397Z,Santiago de Compostela,16.49,scattered clouds
2026-08-21T01:34:13.379Z,Santiago de Compostela,15.67,overcast clouds
2026-08-21T03:05:43.890Z,Santiago de Compostela,14.67,overcast clouds
2026-08-21T04:41:24.591Z,Santiago de Compostela,13.73,overcast clouds
2026-08-21T06:52:06.673Z,Santiago de Compostela,13.64,broken clouds
2026-08-21T08:43:44.455Z,Santiago de Compostela,17.86,broken clouds
2026-08-21T10:33:25.854Z,Santiago de Compostela,19.86,broken clouds
2026-08-21T12:53:36.336Z,Santiago de Compostela,21.99,overcast clouds
2026-08-21T14:38:03.925Z,Santiago de Compostela,22.41,overcast clouds
2026-08-21T16:37:48.265Z,Santiago de Compostela,23.18,overcast clouds
2026-08-21T18:40:20.367Z,Santiago de Compostela,20.73,broken clouds
2026-08-21T20:28:47.527Z,Santiago de Compostela,17.24,few clouds
2026-08-21T22:27:48.218Z,Santiago de Compostela,16.73,broken clouds
2026-08-22T01:23:10.534Z,Santiago de Compostela,11.31,scattered clouds
2026-08-22T02:56:35.393Z,Santiago de Compostela,10.2,scattered clouds
2026-08-22T04:35:42.233Z,Santiago de Compostela,9.09,broken clouds
2026-08-22T06:44:19.601Z,Santiago de Compostela,14.73,few clouds
2026-08-22T08:33:38.454Z,Santiago de Compostela,17.64,few clouds
2026-08-22T10:27:01.330Z,Santiago de Compostela,22.42,few clouds
2026-08-22T12:44:39.538Z,Santiago de Compostela,27.42,broken clouds
2026-08-22T14:24:15.813Z,Santiago de Compostela,26.86,overcast clouds
2026-08-22T16:27:57.008Z,Santiago de Compostela,24.82,overcast clouds
2026-08-22T18:34:25.045Z,Santiago de Compostela,20.75,overcast clouds
2026-08-22T20:25:55.735Z,Santiago de Compostela,16.86,overcast clouds
2026-08-22T22:25:05.362Z,Santiago de Compostela,14.09,overcast clouds
2026-08-23T01:37:02.673Z,Santiago de Compostela,12.42,overcast clouds
2026-08-23T03:05:14.711Z,Santiago de Compostela,12.42,overcast clouds
2026-08-23T04:39:57.096Z,Santiago de Compostela,17.73,overcast clouds
2026-08-23T06:45:52.254Z,Santiago de Compostela,16.73,moderate rain
2026-08-23T08:33:31.160Z,Santiago de Compostela,16.73,moderate rain
2026-08-23T10:26:55.166Z,Santiago de Compostela,16.94,overcast clouds
2026-08-23T12:45:38.694Z,Santiago de Compostela,19.64,overcast clouds
2026-08-23T14:26:23.108Z,Santiago de Compostela,23.73,overcast clouds
2026-08-23T16:29:40.756Z,Santiago de Compostela,24.73,overcast clouds
2026-08-23T18:33:51.311Z,Santiago de Compostela,24.73,overcast clouds
2026-08-23T20:26:21.645Z,Santiago de Compostela,17.42,broken clouds
2026-08-23T22:25:03.959Z,Santiago de Compostela,15.75,light rain
2026-08-24T01:34:52.024Z,Santiago de Compostela,14.64,overcast clouds
2026-08-24T03:06:11.824Z,Santiago de Compostela,14.09,overcast clouds
2026-08-24T04:49:03.391Z,Santiago de Compostela,14.64,overcast clouds
2026-08-24T07:03:58.878Z,Santiago de Compostela,14.09,broken clouds
2026-08-24T08:51:19.241Z,Santiago de Compostela,18.53,broken clouds
2026-08-24T10:39:25.006Z,Santiago de Compostela,21.73,broken clouds
2026-08-24T12:55:43.994Z,Santiago de Compostela,22.73,overcast clouds
2026-08-24T14:45:10.173Z,Santiago de Compostela,20.73,overcast clouds
2026-08-24T16:40:57.008Z,Santiago de Compostela,19.99,overcast clouds
2026-08-24T18:44:24.254Z,Santiago de Compostela,19.73,overcast clouds
2026-08-24T20:33:33.653Z,Santiago de Compostela,17.7,overcast clouds
2026-08-24T22:29:16.658Z,Santiago de Compostela,18.45,overcast clouds
2026-08-25T01:24:45.149Z,Santiago de Compostela,16.94,overcast clouds
2026-08-25T03:01:16.747Z,Santiago de Compostela,17.25,overcast clouds
2026-08-25T04:41:17.872Z,Santiago de Compostela,16.94,overcast clouds
2026-08-25T06:53:25.148Z,Santiago de Compostela,16.94,overcast clouds
2026-08-25T08:47:02.803Z,Santiago de Compostela,18.31,overcast clouds
2026-08-25T10:35:39.557Z,Santiago de Compostela,20.6,overcast clouds
2026-08-25T12:52:24.802Z,Santiago de Compostela,22.97,few clouds
2026-08-25T14:49:17.079Z,Santiago de Compostela,21.31,scattered clouds
2026-08-25T16:40:02.498Z,Santiago de Compostela,22.73,few clouds
2026-08-25T18:42:24.492Z,Santiago de Compostela,19.64,clear sky
2026-08-25T20:32:04.784Z,Santiago de Compostela,16.86,broken clouds
2026-08-25T22:30:22.355Z,Santiago de Compostela,16.31,broken clouds
2026-08-26T01:34:40.716Z,Santiago de Compostela,16.73,overcast clouds
2026-08-26T03:08:05.811Z,Santiago de Compostela,16.73,overcast clouds
2026-08-26T04:42:13.738Z,Santiago de Compostela,16.73,overcast clouds
2026-08-26T06:54:23.027Z,Santiago de Compostela,14.65,overcast clouds
2026-08-26T08:48:26.343Z,Santiago de Compostela,15.2,overcast clouds
2026-08-26T10:37:53.401Z,Santiago de Compostela,16.86,overcast clouds
2026-08-26T12:57:49.205Z,Santiago de Compostela,17.7,overcast clouds
2026-08-26T14:47:17.032Z,Santiago de Compostela,17.42,overcast clouds
2026-08-26T16:49:48.941Z,Santiago de Compostela,16.86,broken clouds
2026-08-26T19:52:13.647Z,Santiago de Compostela,14.64,clear sky
2026-08-26T22:53:57.533Z,Santiago de Compostela,11.86,scattered clouds
2026-08-27T08:20:48.559Z,Santiago de Compostela,12.97,overcast clouds
2026-08-27T20:12:43.833Z,Santiago de Compostela,12.97,clear sky
2026-08-28T06:00:35.856Z,Santiago de Compostela,13.53,overcast clouds
2026-08-28T20:04:33.909Z,Santiago de Compostela,15.75,scattered clouds
2026-08-29T03:33:54.029Z,Santiago de Compostela,15.75,scattered clouds
2026-08-29T10:55:11.827Z,Santiago de Compostela,17.97,overcast clouds
2026-08-29T16:26:52.511Z,Santiago de Compostela,18.73,overcast clouds
2026-08-29T20:40:19.237Z,Santiago de Compostela,16.86,overcast clouds
2026-08-29T23:57:16.498Z,Santiago de Compostela,17.25,overcast clouds
2026-08-30T05:11:07.703Z,Santiago de Compostela,15.88,overcast clouds
2026-08-30T11:32:44.633Z,Santiago de Compostela,22.42,few clouds
2026-08-30T16:20:09.963Z,Santiago de Compostela,23.03,clear sky
2026-08-30T20:46:21.526Z,Santiago de Compostela,14.09,broken clouds
2026-08-31T00:17:03.855Z,Santiago de Compostela,10.75,broken clouds
2026-08-31T08:21:18.652Z,Santiago de Compostela,17.11,overcast clouds
2026-08-31T17:27:20.304Z,Santiago de Compostela,22.41,clear sky
2026-08-31T22:38:56.889Z,Santiago de Compostela,13.53,broken clouds
2026-09-01T04:18:05.019Z,Santiago de Compostela,10.2,overcast clouds
2026-09-01T11:20:51.019Z,Santiago de Compostela,23.05,broken clouds
2026-09-01T16:17:57.833Z,Santiago de Compostela,25.11,clear sky
2026-09-01T20:46:50.600Z,Santiago de Compostela,16.86,few clouds
2026-09-01T23:52:44.666Z,Santiago de Compostela,12.97,scattered clouds
2026-09-02T03:40:50.108Z,Santiago de Compostela,10.75,broken clouds
2026-09-02T08:35:13.951Z,Santiago de Compostela,17.97,clear sky
2026-09-02T14:11:35.013Z,Santiago de Compostela,28.13,clear sky
2026-09-02T19:16:54.100Z,Santiago de Compostela,20.75,clear sky
